카테고리1,카테고리2,공연명,공연일시,구역,열,층,등급,가격,등록일시,상태,연결석여부,특이사항
콘서트,세븐틴,세븐틴 2025 - 인천,03.20  18:30,E61,11,4층 (4F),S,168000,03.08  12:10,판매중,N,정보 없음
콘서트,세븐틴,세븐틴 2025 - 인천,03.21  18:30,E45,15,4층 (4F),S,170000,03.08  15:10,판매중,N,여성명의
콘서트,세븐틴,세븐틴 2025 - 인천,03.20  18:30,E57,24,4층 (4F),S,178000,02.27  17:46,판매중,N,여성명의
콘서트,세븐틴,세븐틴 2025 - 인천,03.20  18:30,E56,22,4층 (4F),S,180000,02.24  21:15,판매중,N,예매처 ID로 상품 전달
콘서트,세븐틴,세븐틴 2025 - 인천,03.20  18:30,E55,25,4층 (4F),S,180000,02.22  17:36,판매중,N,정보 없음
콘서트,세븐틴,세븐틴 2025 - 인천,03.20  18:30,E58,8,3층 (3F),S,190000,02.21  21:55,판매중,N,여성명의
콘서트,세븐틴,세븐틴 2025 - 인천,03.21  18:30,N19,14,2층 (2F),S,200000,03.07  12:28,판매중,N,정보 없음
콘서트,세븐틴,세븐틴 2025 - 인천,03.20  18:30,E50,19,4층 (4F),S,200000,03.05  11:36,판매중,N,정보 없음
콘서트,세븐틴,세븐틴 2025 - 인천,03.20  18:30,E42,3열,4층 (4F),S,210000,02.25  11:51,판매중,N,정보 없음
콘서트,세븐틴,세븐틴 2025 - 인천,03.20  18:30,E46,13,4층 (4F),S,220000,03.07  10:59,판매중,N,정보 없음
콘서트,세븐틴,세븐틴 2025 - 인천,03.20  18:30,E42,3,4층 (4F),S,220000,03.05  20:29,판매중,N,여성명의
콘서트,세븐틴,세븐틴 2025 - 인천,03.21  18:30,E34,2,4층 (4F),S,220000,03.04  07:40,판매중,N,정보 없음
콘서트,세븐틴,세븐틴 2025 - 인천,03.20  18:30,E52,17,4층 (4F),S,240000,03.04  07:38,판매중,N,정보 없음
콘서트,세븐틴,세븐틴 2025 - 인천,03.20  18:30,N20,11,2층 (2F),S,240000,03.01  14:06,판매중,N,정보 없음
콘서트,세븐틴,세븐틴 2025 - 인천,03.21  18:30,E59,14,4층 (4F),S,240000,02.21  22:26,판매중,N,정보 없음
콘서트,세븐틴,세븐틴 2025 - 인천,03.20  18:30,N21,8,2층 (2F),S,250000,03.04  01:58,판매중,N,정보 없음
콘서트,세븐틴,세븐틴 2025 - 인천,03.21  18:30,S4,7열,2층 (2F),S,250000,03.01  01:41,판매중,N,정보 없음
콘서트,세븐틴,세븐틴 2025 - 인천,03.20  18:30,N20,3,2층 (2F),S,250000,02.28  20:54,판매중,N,정보 없음
콘서트,세븐틴,세븐틴 2025 - 인천,03.20  18:30,E55,17,4층 (4F),S,250000,02.26  15:35,판매중,N,정보 없음
콘서트,세븐틴,세븐틴 2025 - 인천,03.20  18:30,E60,16,4층 (4F),S,250000,02.25  14:25,판매중,N,정보 없음
콘서트,세븐틴,세븐틴 2025 - 인천,03.20  18:30,E47,9,4층 (4F),S,250000,02.25  14:19,판매중,N,정보 없음
콘서트,세븐틴,세븐틴 2025 - 인천,03.20  18:30,E59,22,4층 (4F),S,250000,02.25  12:17,판매중,N,정보 없음
콘서트,세븐틴,세븐틴 2025 - 인천,03.21  18:30,N22,5,2층 (2F),S,250000,02.22  01:14,판매중,N,정보 없음
콘서트,세븐틴,세븐틴 2025 - 인천,03.20  18:30,F1,13,플로어석 (Floor),R,250000,02.21  21:00,판매중,N,정보 없음
콘서트,세븐틴,세븐틴 2025 - 인천,03.20  18:30,E17,10,2층 (2F),R,270000,02.25  08:58,판매중,N,여성명의
콘서트,세븐틴,세븐틴 2025 - 인천,03.20  18:30,N20,8,2층 (2F),S,280000,03.08  15:36,판매중,N,정보 없음
콘서트,세븐틴,세븐틴 2025 - 인천,03.20  18:30,S15,3,2층 (2F),S,280000,02.26  17:02,판매중,N,예매처 ID로 상품 전달
콘서트,세븐틴,세븐틴 2025 - 인천,03.21  18:30,E33,6,4층 (4F),S,280000,02.25  12:38,판매중,N,정보 없음
콘서트,세븐틴,세븐틴 2025 - 인천,03.20  18:30,E52,11,4층 (4F),S,290000,02.25  06:28,판매중,N,정보 없음
콘서트,세븐틴,세븐틴 2025 - 인천,03.20  18:30,E34,2,3층 (3F),S,290000,02.21  21:25,판매중,N,정보 없음
콘서트,세븐틴,세븐틴 2025 - 인천,03.20  18:30,F15,17,플로어석 (Floor),R,300000,03.08  17:02,판매중,N,여성명의
콘서트,세븐틴,세븐틴 2025 - 인천,03.21  18:30,S15,10,2층 (2F),S,300000,03.07  18:36,판매중,N,정보 없음
콘서트,세븐틴,세븐틴 2025 - 인천,03.20  18:30,S16,13,2층 (2F),R,300000,03.05  12:46,판매중,N,예매처 ID로 상품 전달
콘서트,세븐틴,세븐틴 2025 - 인천,03.20  18:30,E46,8,4층 (4F),S,300000,03.04  15:38,판매중,N,정보 없음
콘서트,세븐틴,세븐틴 2025 - 인천,03.20  18:30,E53,27,4층 (4F),S,300000,03.04  11:06,판매중,N,판매자가 입장 도움
콘서트,세븐틴,세븐틴 2025 - 인천,03.20  18:30,S8,14,2층 (2F),S,300000,02.28  11:28,판매중,N,정보 없음
콘서트,세븐틴,세븐틴 2025 - 인천,03.20  18:30,N20,14,2층 (2F),S,300000,02.26  21:17,판매중,N,정보 없음
콘서트,세븐틴,세븐틴 2025 - 인천,03.21  18:30,E33,3,4층 (4F),S,300000,02.26  05:46,판매중,N,정보 없음
콘서트,세븐틴,세븐틴 2025 - 인천,03.20  18:30,E41,6,4층 (4F),S,300000,02.25  23:52,판매중,N,정보 없음
콘서트,세븐틴,세븐틴 2025 - 인천,03.20  18:30,E49,12,4층 (4F),S,300000,02.25  12:50,판매중,N,판매자가 입장 도움
콘서트,세븐틴,세븐틴 2025 - 인천,03.20  18:30,E51,30,4층 (4F),S,300000,02.25  12:47,판매중,N,판매자가 입장 도움
콘서트,세븐틴,세븐틴 2025 - 인천,03.21  18:30,E29,8,2층 (2F),R,300000,02.25  09:54,판매중,N,여성명의
콘서트,세븐틴,세븐틴 2025 - 인천,03.21  18:30,E40,4,4층 (4F),S,300000,02.25  08:05,판매중,N,예매처 ID로 상품 전달
콘서트,세븐틴,세븐틴 2025 - 인천,03.21  18:30,E32,10,2층 (2F),R,300000,02.24  23:23,판매중,N,정보 없음
콘서트,세븐틴,세븐틴 2025 - 인천,03.20  18:30,E51,28,4층 (4F),S,300000,02.23  21:37,판매중,N,정보 없음
콘서트,세븐틴,세븐틴 2025 - 인천,03.20  18:30,E54,17,4층 (4F),S,300000,02.22  18:46,판매중,N,정보 없음
콘서트,세븐틴,세븐틴 2025 - 인천,03.20  18:30,N19,9,2층 (2F),S,300000,02.21  22:28,판매중,N,정보 없음
콘서트,세븐틴,세븐틴 2025 - 인천,03.21  18:30,S14,14,2층 (2F),S,310000,02.25  15:26,판매중,N,정보 없음
콘서트,세븐틴,세븐틴 2025 - 인천,03.20  18:30,S14,12,2층 (2F),S,320000,02.25  12:03,판매중,N,정보 없음
콘서트,세븐틴,세븐틴 2025 - 인천,03.21  18:30,E48,9,4층 (4F),S,330000,03.08  08:16,판매중,N,정보 없음
콘서트,세븐틴,세븐틴 2025 - 인천,03.20  18:30,N25,4,2층 (2F),S,330000,03.07  23:10,판매중,N,정보 없음
콘서트,세븐틴,세븐틴 2025 - 인천,03.20  18:30,N21,15,2층 (2F),S,330000,03.01  16:56,판매중,N,정보 없음
콘서트,세븐틴,세븐틴 2025 - 인천,03.20  18:30,N24,1,2층 (2F),S,330000,02.27  17:36,판매중,N,정보 없음
콘서트,세븐틴,세븐틴 2025 - 인천,03.20  18:30,S9,14,2층 (2F),S,330000,02.25  18:41,판매중,N,정보 없음
콘서트,세븐틴,세븐틴 2025 - 인천,03.20  18:30,N21,14,2층 (2F),S,330000,02.25  18:10,판매중,N,정보 없음
콘서트,세븐틴,세븐틴 2025 - 인천,03.21  18:30,E39,4,4층 (4F),S,330000,02.25  08:13,판매중,N,예매처 ID로 상품 전달
콘서트,세븐틴,세븐틴 2025 - 인천,03.21  18:30,E27,3,2층 (2F),R,335000,03.07  16:08,판매중,N,정보 없음
콘서트,세븐틴,세븐틴 2025 - 인천,03.21  18:30,S14,11,2층 (2F),S,340000,02.27  00:36,판매중,N,정보 없음
콘서트,세븐틴,세븐틴 2025 - 인천,03.20  18:30,N2,12,2층 (2F),S,340000,02.21  21:06,판매중,N,여성명의
콘서트,세븐틴,세븐틴 2025 - 인천,03.20  18:30,E52,14,4층 (4F),S,350000,03.07  21:36,판매중,N,판매자가 입장 도움
콘서트,세븐틴,세븐틴 2025 - 인천,03.20  18:30,E37,4,4층 (4F),S,350000,03.06  23:22,판매중,N,정보 없음
콘서트,세븐틴,세븐틴 2025 - 인천,03.20  18:30,N22,10,2층 (2F),S,350000,03.06  18:52,판매중,N,정보 없음
콘서트,세븐틴,세븐틴 2025 - 인천,03.20  18:30,E37,5,4층 (4F),S,350000,03.04  16:41,판매중,N,여성명의
콘서트,세븐틴,세븐틴 2025 - 인천,03.20  18:30,E52,18,4층 (4F),S,350000,03.03  15:50,판매중,N,판매자가 입장 도움
콘서트,세븐틴,세븐틴 2025 - 인천,03.20  18:30,N21,15,2층 (2F),S,350000,03.03  14:58,판매중,N,정보 없음
콘서트,세븐틴,세븐틴 2025 - 인천,03.20  18:30,E28,5,2층 (2F),R,350000,02.27  21:46,판매중,N,정보 없음
콘서트,세븐틴,세븐틴 2025 - 인천,03.20  18:30,E34,4,4층 (4F),S,350000,02.26  21:38,판매중,N,판매자가 입장 도움
콘서트,세븐틴,세븐틴 2025 - 인천,03.21  18:30,E53,23,4층 (4F),S,350000,02.25  12:20,판매중,N,판매자가 입장 도움
콘서트,세븐틴,세븐틴 2025 - 인천,03.20  18:30,E52,14,4층 (4F),S,350000,02.25  12:07,판매중,N,판매자가 입장 도움
콘서트,세븐틴,세븐틴 2025 - 인천,03.20  18:30,S4,11,2층 (2F),S,350000,02.25  12:02,판매중,N,판매자가 입장 도움
콘서트,세븐틴,세븐틴 2025 - 인천,03.20  18:30,N25,12,2층 (2F),S,350000,02.23  19:41,판매중,N,예매처 ID로 상품 전달
콘서트,세븐틴,세븐틴 2025 - 인천,03.21  18:30,N2,12,2층 (2F),S,350000,02.23  14:56,판매중,N,예매처 ID로 상품 전달
콘서트,세븐틴,세븐틴 2025 - 인천,03.20  18:30,E52,27,4층 (4F),S,350000,02.23  13:29,판매중,N,정보 없음
콘서트,세븐틴,세븐틴 2025 - 인천,03.20  18:30,S14,2,2층 (2F),S,350000,02.22  16:18,판매중,N,정보 없음
콘서트,세븐틴,세븐틴 2025 - 인천,03.20  18:30,S12,13,2층 (2F),S,350000,02.22  15:24,판매중,N,여성명의
콘서트,세븐틴,세븐틴 2025 - 인천,03.21  18:30,N3,11,2층 (2F),S,350000,02.22  01:32,판매중,N,여성명의
콘서트,세븐틴,세븐틴 2025 - 인천,03.21  18:30,N23,13,2층 (2F),S,350000,02.22  00:15,판매중,N,정보 없음
콘서트,세븐틴,세븐틴 2025 - 인천,03.21  18:30,S14,14,2층 (2F),S,350000,02.21  22:35,판매중,N,정보 없음
콘서트,세븐틴,세븐틴 2025 - 인천,03.20  18:30,E53,21,4층 (4F),S,350000,02.21  22:14,판매중,N,정보 없음
콘서트,세븐틴,세븐틴 2025 - 인천,03.21  18:30,N21,11,2층 (2F),S,369000,02.24  22:28,판매중,N,판매자가 입장 도움
콘서트,세븐틴,세븐틴 2025 - 인천,03.21  18:30,S13,1,2층 (2F),S,370000,02.26  12:35,판매중,N,정보 없음
콘서트,세븐틴,세븐틴 2025 - 인천,03.21  18:30,N18,12,2층 (2F),S,370000,02.24  23:40,판매중,N,여성명의
콘서트,세븐틴,세븐틴 2025 - 인천,03.21  18:30,E55,16,4층 (4F),S,370000,02.23  20:07,판매중,N,예매처 ID로 상품 전달
콘서트,세븐틴,세븐틴 2025 - 인천,03.21  18:30,E54,8,4층 (4F),S,380000,03.08  08:19,판매중,N,정보 없음
콘서트,세븐틴,세븐틴 2025 - 인천,03.21  18:30,N18,11,2층 (2F),S,380000,03.04  11:48,판매중,N,정보 없음
콘서트,세븐틴,세븐틴 2025 - 인천,03.20  18:30,E16,11,2층 (2F),R,380000,03.03  20:40,판매중,N,정보 없음
콘서트,세븐틴,세븐틴 2025 - 인천,03.21  18:30,N4,1열,2층 (2F),S,380000,03.03  03:57,판매중,N,정보 없음
콘서트,세븐틴,세븐틴 2025 - 인천,03.20  18:30,E36,6,4층 (4F),S,380000,02.26  21:37,판매중,N,정보 없음
콘서트,세븐틴,세븐틴 2025 - 인천,03.20  18:30,S16,10,2층 (2F),S,380000,02.24  20:34,판매중,N,정보 없음
콘서트,세븐틴,세븐틴 2025 - 인천,03.20  18:30,E57,28,4층 (4F),S,380000,02.23  20:05,판매중,Y,정보 없음
콘서트,세븐틴,세븐틴 2025 - 인천,03.21  18:30,N21,3,2층 (2F),S,380000,02.21  20:56,판매중,N,정보 없음
콘서트,세븐틴,세븐틴 2025 - 인천,03.21  18:30,S14,4,2층 (2F),S,390000,03.08  01:52,판매중,N,정보 없음
콘서트,세븐틴,세븐틴 2025 - 인천,03.21  18:30,E35,3,3층 (3F),S,390000,02.21  21:34,판매중,N,정보 없음
콘서트,세븐틴,세븐틴 2025 - 인천,03.21  18:30,E1,14,2층 (2F),R,395000,02.25  00:56,판매중,N,여성명의
콘서트,세븐틴,세븐틴 2025 - 인천,03.20  18:30,E32,10,2층 (2F),R,400000,03.06  23:26,판매중,N,정보 없음
콘서트,세븐틴,세븐틴 2025 - 인천,03.21  18:30,S12,7,2층 (2F),S,400000,03.06  23:20,판매중,N,정보 없음
콘서트,세븐틴,세븐틴 2025 - 인천,03.21  18:30,N1,11,2층 (2F),S,400000,03.04  22:39,판매중,N,예매처 ID로 상품 전달
콘서트,세븐틴,세븐틴 2025 - 인천,03.21  18:30,S11,13,2층 (2F),S,400000,03.04  15:50,판매중,N,정보 없음
콘서트,세븐틴,세븐틴 2025 - 인천,03.20  18:30,N19,2,2층 (2F),S,400000,03.04  15:40,판매중,N,정보 없음
콘서트,세븐틴,세븐틴 2025 - 인천,03.21  18:30,E54,24,4층 (4F),S,400000,03.03  15:48,판매중,N,판매자가 입장 도움
콘서트,세븐틴,세븐틴 2025 - 인천,03.21  18:30,N19,10,2층 (2F),S,400000,03.03  15:14,판매중,N,판매자가 입장 도움
콘서트,세븐틴,세븐틴 2025 - 인천,03.20  18:30,N19,8,2층 (2F),S,400000,03.03  14:49,판매중,N,정보 없음
콘서트,세븐틴,세븐틴 2025 - 인천,03.20  18:30,S14,12,2층 (2F),S,400000,03.03  01:06,판매중,N,정보 없음
콘서트,세븐틴,세븐틴 2025 - 인천,03.20  18:30,S14,11,2층 (2F),S,400000,03.03  01:04,판매중,N,정보 없음
콘서트,세븐틴,세븐틴 2025 - 인천,03.20  18:30,S12,13,2층 (2F),S,400000,03.02  15:43,판매중,N,정보 없음
콘서트,세븐틴,세븐틴 2025 - 인천,03.21  18:30,E48,12,4층 (4F),R,400000,03.02  12:30,판매중,N,정보 없음
콘서트,세븐틴,세븐틴 2025 - 인천,03.21  18:30,N21,8,플로어석 (Floor),S,400000,03.01  19:10,판매중,N,정보 없음
콘서트,세븐틴,세븐틴 2025 - 인천,03.21  18:30,E50,6열 실질 2열,4층 (4F),S,400000,03.01  02:00,판매중,N,판매자가 입장 도움
콘서트,세븐틴,세븐틴 2025 - 인천,03.21  18:30,S11,10,2층 (2F),S,400000,02.27  17:48,판매중,N,정보 없음
콘서트,세븐틴,세븐틴 2025 - 인천,03.21  18:30,S14,10열,2층 (2F),S,400000,02.26  20:03,판매중,N,판매자가 입장 도움
콘서트,세븐틴,세븐틴 2025 - 인천,03.20  18:30,N4,10,2층 (2F),S,400000,02.26  16:15,판매중,N,정보 없음
콘서트,세븐틴,세븐틴 2025 - 인천,03.21  18:30,E54,21,4층 (4F),S,400000,02.26  05:44,판매중,N,정보 없음
콘서트,세븐틴,세븐틴 2025 - 인천,03.21  18:30,E58,21,4층 (4F),S,400000,02.26  03:28,판매중,N,정보 없음
콘서트,세븐틴,세븐틴 2025 - 인천,03.20  18:30,E46,12,4층 (4F),S,400000,02.26  03:27,판매중,N,정보 없음
콘서트,세븐틴,세븐틴 2025 - 인천,03.20  18:30,E38,3 사진o현장o,4층 (4F),S,400000,02.25  21:30,판매중,N,정보 없음
콘서트,세븐틴,세븐틴 2025 - 인천,03.21  18:30,E17,1,2층 (2F),S,400000,02.25  21:00,판매중,N,여성명의
콘서트,세븐틴,세븐틴 2025 - 인천,03.21  18:30,E54,18,4층 (4F),S,400000,02.25  12:11,판매중,N,정보 없음
콘서트,세븐틴,세븐틴 2025 - 인천,03.20  18:30,E53,3,4층 (4F),S,400000,02.25  12:08,판매중,N,판매자가 입장 도움
콘서트,세븐틴,세븐틴 2025 - 인천,03.20  18:30,E53,3,4층 (4F),S,400000,02.25  11:54,판매중,N,판매자가 입장 도움
콘서트,세븐틴,세븐틴 2025 - 인천,03.20  18:30,S4,13,2층 (2F),S,400000,02.25  04:22,판매중,N,정보 없음
콘서트,세븐틴,세븐틴 2025 - 인천,03.20  18:30,E58,13,4층 (4F),S,400000,02.25  02:01,판매중,N,정보 없음
콘서트,세븐틴,세븐틴 2025 - 인천,03.21  18:30,E60,4,4층 (4F),S,400000,02.25  01:59,판매중,N,정보 없음
콘서트,세븐틴,세븐틴 2025 - 인천,03.21  18:30,E39,4,4층 (4F),S,400000,02.24  22:31,판매중,N,판매자가 입장 도움
콘서트,세븐틴,세븐틴 2025 - 인천,03.21  18:30,S4,6,2층 (2F),S,400000,02.24  11:15,판매중,N,정보 없음
콘서트,세븐틴,세븐틴 2025 - 인천,03.21  18:30,S5,5,2층 (2F),R,400000,02.23  22:48,판매중,N,정보 없음
콘서트,세븐틴,세븐틴 2025 - 인천,03.20  18:30,E52,17열,4층 (4F),S,400000,02.23  22:20,판매중,N,판매자가 입장 도움
콘서트,세븐틴,세븐틴 2025 - 인천,03.20  18:30,N20,14,2층 (2F),S,400000,02.22  06:12,판매중,N,여성명의
콘서트,세븐틴,세븐틴 2025 - 인천,03.21  18:30,S5,6,2층 (2F),S,400000,02.21  23:09,판매중,N,여성명의
콘서트,세븐틴,세븐틴 2025 - 인천,03.20  18:30,E29,10,2층 (2F),R,400000,02.21  22:16,판매중,N,정보 없음
콘서트,세븐틴,세븐틴 2025 - 인천,03.21  18:30,E52,12,4층 (4F),S,400000,02.21  21:20,판매중,N,정보 없음
콘서트,세븐틴,세븐틴 2025 - 인천,03.21  18:30,N22,12열,2층 (2F),S,400000,02.21  20:59,판매중,N,판매자가 입장 도움
콘서트,세븐틴,세븐틴 2025 - 인천,03.20  18:30,N22,7,2층 (2F),S,400000,02.21  20:56,판매중,N,정보 없음
콘서트,세븐틴,세븐틴 2025 - 인천,03.20  18:30,E25,9,2층 (2F),R,400000,02.21  20:32,판매중,N,여성명의
콘서트,세븐틴,세븐틴 2025 - 인천,03.20  18:30,F7,17,플로어석 (Floor),R,420000,03.08  11:10,판매중,N,정보 없음
콘서트,세븐틴,세븐틴 2025 - 인천,03.20  18:30,E38,4,4층 (4F),R,420000,03.05  01:13,판매중,N,정보 없음
콘서트,세븐틴,세븐틴 2025 - 인천,03.20  18:30,E3,12,2층 (2F),R,430000,03.04  20:40,판매중,N,여성명의
콘서트,세븐틴,세븐틴 2025 - 인천,03.20  18:30,E4,12,2층 (2F),R,430000,03.04  19:15,판매중,N,여성명의
콘서트,세븐틴,세븐틴 2025 - 인천,03.21  18:30,E54,8,4층 (4F),S,430000,02.25  09:07,판매중,N,정보 없음
콘서트,세븐틴,세븐틴 2025 - 인천,03.21  18:30,N4,15,2층 (2F),S,430000,02.24  23:43,판매중,N,정보 없음
콘서트,세븐틴,세븐틴 2025 - 인천,03.21  18:30,E29,8,2층 (2F),R,430000,02.23  20:18,판매중,N,정보 없음
콘서트,세븐틴,세븐틴 2025 - 인천,03.20  18:30,N4,10,2층 (2F),S,440000,03.04  16:58,판매중,N,판매자가 입장 도움
콘서트,세븐틴,세븐틴 2025 - 인천,03.20  18:30,E26,5,2층 (2F),R,440000,03.02  12:27,판매중,N,정보 없음
콘서트,세븐틴,세븐틴 2025 - 인천,03.20  18:30,E38,6,4층 (4F),S,440000,03.02  03:29,판매중,N,정보 없음
콘서트,세븐틴,세븐틴 2025 - 인천,03.20  18:30,E24,7,2층 (2F),R,450000,03.08  14:48,판매중,N,여성명의
콘서트,세븐틴,세븐틴 2025 - 인천,03.20  18:30,N4,6,2층 (2F),S,450000,03.07  09:11,판매중,N,여성명의
콘서트,세븐틴,세븐틴 2025 - 인천,03.20  18:30,S5,3,2층 (2F),S,450000,03.06  14:48,판매중,N,정보 없음
콘서트,세븐틴,세븐틴 2025 - 인천,03.21  18:30,E30,6,플로어석 (Floor),R,450000,03.03  00:07,판매중,N,정보 없음
콘서트,세븐틴,세븐틴 2025 - 인천,03.21  18:30,E58,19,4층 (4F),S,450000,03.02  03:32,판매중,N,정보 없음
콘서트,세븐틴,세븐틴 2025 - 인천,03.20  18:30,E39,6,4층 (4F),S,450000,03.01  20:35,판매중,N,판매자가 입장 도움
콘서트,세븐틴,세븐틴 2025 - 인천,03.20  18:30,S4,1,2층 (2F),S,450000,03.01  02:08,판매중,N,정보 없음
콘서트,세븐틴,세븐틴 2025 - 인천,03.20  18:30,F15,20,플로어석 (Floor),R,450000,02.28  12:17,판매중,N,정보 없음
콘서트,세븐틴,세븐틴 2025 - 인천,03.20  18:30,S5,2,2층 (2F),S,450000,02.28  03:02,판매중,N,판매자가 입장 도움
콘서트,세븐틴,세븐틴 2025 - 인천,03.21  18:30,S14,1,2층 (2F),S,450000,02.25  14:02,판매중,N,정보 없음
콘서트,세븐틴,세븐틴 2025 - 인천,03.21  18:30,E12,11,2층 (2F),R,450000,02.25  12:01,판매중,N,여성명의
콘서트,세븐틴,세븐틴 2025 - 인천,03.20  18:30,E26,2,2층 (2F),R,450000,02.24  00:10,판매중,N,정보 없음
콘서트,세븐틴,세븐틴 2025 - 인천,03.21  18:30,N21,1,2층 (2F),S,450000,02.22  18:30,판매중,N,판매자가 입장 도움
콘서트,세븐틴,세븐틴 2025 - 인천,03.21  18:30,S5,15,2층 (2F),S,450000,02.22  17:14,판매중,N,정보 없음
콘서트,세븐틴,세븐틴 2025 - 인천,03.20  18:30,F16,13,플로어석 (Floor),R,450000,02.22  16:20,판매중,N,여성명의
콘서트,세븐틴,세븐틴 2025 - 인천,03.21  18:30,N25,15,2층 (2F),S,450000,02.22  13:52,판매중,N,정보 없음
콘서트,세븐틴,세븐틴 2025 - 인천,03.20  18:30,E38,2,4층 (4F),S,450000,02.22  02:53,판매중,N,정보 없음
콘서트,세븐틴,세븐틴 2025 - 인천,03.20  18:30,E13,12열,2층 (2F),R,450000,02.22  01:04,판매중,N,정보 없음
콘서트,세븐틴,세븐틴 2025 - 인천,03.20  18:30,S4,8,2층 (2F),S,450000,02.21  23:16,판매중,N,정보 없음
콘서트,세븐틴,세븐틴 2025 - 인천,03.21  18:30,N1,14,2층 (2F),S,450000,02.21  23:12,판매중,N,여성명의
콘서트,세븐틴,세븐틴 2025 - 인천,03.21  18:30,N19,14,2층 (2F),S,450000,02.21  22:48,판매중,N,판매자가 입장 도움
콘서트,세븐틴,세븐틴 2025 - 인천,03.21  18:30,E57,13,4층 (4F),S,450000,02.21  22:43,판매중,N,정보 없음
콘서트,세븐틴,세븐틴 2025 - 인천,03.20  18:30,S5,10,2층 (2F),S,450000,02.21  21:28,판매중,N,정보 없음
콘서트,세븐틴,세븐틴 2025 - 인천,03.21  18:30,S6,9,2층 (2F),S,450000,02.21  21:16,판매중,N,정보 없음
콘서트,세븐틴,세븐틴 2025 - 인천,03.20  18:30,E39,5,3층 (3F),S,450000,02.21  20:49,판매중,N,정보 없음
콘서트,세븐틴,세븐틴 2025 - 인천,03.21  18:30,S6,10,2층 (2F),S,450000,02.21  20:35,판매중,N,정보 없음
콘서트,세븐틴,세븐틴 2025 - 인천,03.21  18:30,F9,14,플로어석 (Floor),R,455000,03.02  12:14,판매중,N,정보 없음
콘서트,세븐틴,세븐틴 2025 - 인천,03.21  18:30,E44,11,4층 (4F),S,469000,03.08  02:08,판매중,Y,정보 없음
콘서트,세븐틴,세븐틴 2025 - 인천,03.20  18:30,F15,28열,플로어석 (Floor),R,480000,02.26  14:25,판매중,N,정보 없음
콘서트,세븐틴,세븐틴 2025 - 인천,03.21  18:30,E16,8,2층 (2F),R,480000,02.22  09:48,판매중,N,여성명의
콘서트,세븐틴,세븐틴 2025 - 인천,03.21  18:30,E16,7,2층 (2F),R,490000,03.05  11:43,판매중,N,정보 없음
콘서트,세븐틴,세븐틴 2025 - 인천,03.20  18:30,E54,17,4층 (4F),S,490000,03.05  03:26,판매중,N,정보 없음
콘서트,세븐틴,세븐틴 2025 - 인천,03.21  18:30,N3,3,2층 (2F),S,499000,02.28  21:32,판매중,N,정보 없음
콘서트,세븐틴,세븐틴 2025 - 인천,03.20  18:30,E18,사진O 10,2층 (2F),R,499000,02.24  20:13,판매중,N,판매자가 입장 도움
콘서트,세븐틴,세븐틴 2025 - 인천,03.20  18:30,E55,3,4층 (4F),S,500000,03.08  14:10,판매중,N,판매자가 입장 도움
콘서트,세븐틴,세븐틴 2025 - 인천,03.20  18:30,S13,13,2층 (2F),S,500000,03.08  01:50,판매중,N,정보 없음
콘서트,세븐틴,세븐틴 2025 - 인천,03.21  18:30,N4,11,2층 (2F),S,500000,03.07  21:41,판매중,N,판매자가 입장 도움
콘서트,세븐틴,세븐틴 2025 - 인천,03.21  18:30,E29,8,2층 (2F),R,500000,03.07  12:09,판매중,N,정보 없음
콘서트,세븐틴,세븐틴 2025 - 인천,03.20  18:30,S10,1,2층 (2F),S,500000,03.06  20:50,판매중,N,정보 없음
콘서트,세븐틴,세븐틴 2025 - 인천,03.21  18:30,E2,14,2층 (2F),R,500000,03.06  17:38,판매중,N,정보 없음
콘서트,세븐틴,세븐틴 2025 - 인천,03.21  18:30,E30,9,2층 (2F),R,500000,03.05  20:13,판매중,N,정보 없음
콘서트,세븐틴,세븐틴 2025 - 인천,03.21  18:30,N18,5,2층 (2F),S,500000,03.05  03:30,판매중,N,정보 없음
콘서트,세븐틴,세븐틴 2025 - 인천,03.21  18:30,N19,5,2층 (2F),R,500000,03.05  01:16,판매중,N,정보 없음
콘서트,세븐틴,세븐틴 2025 - 인천,03.21  18:30,E53,10,4층 (4F),S,500000,03.01  17:11,판매중,N,여성명의
콘서트,세븐틴,세븐틴 2025 - 인천,03.20  18:30,S6,11,2층 (2F),S,500000,03.01  13:10,판매중,N,정보 없음
콘서트,세븐틴,세븐틴 2025 - 인천,03.20  18:30,S15,1,2층 (2F),S,500000,03.01  00:37,판매중,N,판매자가 입장 도움
콘서트,세븐틴,세븐틴 2025 - 인천,03.21  18:30,E50,10,4층 (4F),R,500000,02.28  21:35,판매중,N,정보 없음
콘서트,세븐틴,세븐틴 2025 - 인천,03.20  18:30,N5,6,2층 (2F),S,500000,02.28  18:39,판매중,N,판매자가 입장 도움
콘서트,세븐틴,세븐틴 2025 - 인천,03.20  18:30,E52,8,4층 (4F),S,500000,02.27  22:09,판매중,N,정보 없음
콘서트,세븐틴,세븐틴 2025 - 인천,03.21  18:30,E32,1,2층 (2F),R,500000,02.27  17:46,판매중,N,정보 없음
콘서트,세븐틴,세븐틴 2025 - 인천,03.20  18:30,E53,10,4층 (4F),S,500000,02.27  12:21,판매중,N,판매자가 입장 도움
콘서트,세븐틴,세븐틴 2025 - 인천,03.21  18:30,E53,16,4층 (4F),S,500000,02.26  21:38,판매중,N,정보 없음
콘서트,세븐틴,세븐틴 2025 - 인천,03.20  18:30,N22,14,2층 (2F),S,500000,02.26  17:27,판매중,N,판매자가 입장 도움
콘서트,세븐틴,세븐틴 2025 - 인천,03.21  18:30,E14,10,2층 (2F),R,500000,02.26  10:59,판매중,N,판매자가 입장 도움
콘서트,세븐틴,세븐틴 2025 - 인천,03.20  18:30,E54,5,4층 (4F),S,500000,02.26  04:02,판매중,N,정보 없음
콘서트,세븐틴,세븐틴 2025 - 인천,03.20  18:30,E36,4,4층 (4F),S,500000,02.26  03:30,판매중,N,정보 없음
콘서트,세븐틴,세븐틴 2025 - 인천,03.20  18:30,N24,8,2층 (2F),S,500000,02.24  20:45,판매중,N,판매자가 입장 도움
콘서트,세븐틴,세븐틴 2025 - 인천,03.21  18:30,E17,7,2층 (2F),R,500000,02.24  10:09,판매중,N,정보 없음
콘서트,세븐틴,세븐틴 2025 - 인천,03.21  18:30,E17,7,2층 (2F),R,500000,02.24  10:09,판매중,N,정보 없음
콘서트,세븐틴,세븐틴 2025 - 인천,03.20  18:30,E11,11,2층 (2F),R,500000,02.23  21:29,판매중,N,정보 없음
콘서트,세븐틴,세븐틴 2025 - 인천,03.21  18:30,F1,13,플로어석 (Floor),R,500000,02.23  01:51,판매중,N,판매자가 입장 도움
콘서트,세븐틴,세븐틴 2025 - 인천,03.21  18:30,F1,12,플로어석 (Floor),R,500000,02.23  01:50,판매중,N,판매자가 입장 도움
콘서트,세븐틴,세븐틴 2025 - 인천,03.21  18:30,S14,5~7,2층 (2F),S,500000,02.22  14:57,판매중,N,판매자가 입장 도움
콘서트,세븐틴,세븐틴 2025 - 인천,03.20  18:30,E2,8,2층 (2F),R,500000,02.22  14:30,판매중,N,여성명의
콘서트,세븐틴,세븐틴 2025 - 인천,03.21  18:30,E31,10,2층 (2F),R,500000,02.22  00:32,판매중,N,정보 없음
콘서트,세븐틴,세븐틴 2025 - 인천,03.21  18:30,E51,7,3층 (3F),S,500000,02.22  00:30,판매중,N,정보 없음
콘서트,세븐틴,세븐틴 2025 - 인천,03.21  18:30,F1,11,플로어석 (Floor),R,500000,02.21  22:52,판매중,N,정보 없음
콘서트,세븐틴,세븐틴 2025 - 인천,03.21  18:30,E32,9,2층 (2F),R,500000,02.21  21:39,판매중,N,판매자가 입장 도움
콘서트,세븐틴,세븐틴 2025 - 인천,03.21  18:30,N4,9,2층 (2F),S,500000,02.21  21:23,판매중,N,정보 없음
콘서트,세븐틴,세븐틴 2025 - 인천,03.20  18:30,F7,16,플로어석 (Floor),R,500000,02.21  21:07,판매중,N,여성명의
콘서트,세븐틴,세븐틴 2025 - 인천,03.21  18:30,E16,5~10,2층 (2F),R,500000,02.21  20:41,판매중,N,판매자가 입장 도움
콘서트,세븐틴,세븐틴 2025 - 인천,03.21  18:30,E16,2,2층 (2F),R,500000,02.21  20:32,판매중,N,정보 없음
콘서트,세븐틴,세븐틴 2025 - 인천,03.21  18:30,E31,3,2층 (2F),R,500000,02.21  20:32,판매중,N,정보 없음
콘서트,세븐틴,세븐틴 2025 - 인천,03.21  18:30,E13,14,2층 (2F),R,500000,02.21  20:28,판매중,N,정보 없음
콘서트,세븐틴,세븐틴 2025 - 인천,03.21  18:30,E54,16~17,4층 (4F),S,519000,02.21  22:01,판매중,Y,판매자가 입장 도움
콘서트,세븐틴,세븐틴 2025 - 인천,03.20  18:30,E2,11,2층 (2F),R,520000,02.21  21:21,판매중,N,정보 없음
콘서트,세븐틴,세븐틴 2025 - 인천,03.20  18:30,F7,16,플로어석 (Floor),R,530000,03.06  13:54,판매중,N,정보 없음
콘서트,세븐틴,세븐틴 2025 - 인천,03.20  18:30,E29,4,2층 (2F),R,530000,03.03  14:50,판매중,N,정보 없음
콘서트,세븐틴,세븐틴 2025 - 인천,03.20  18:30,E28,2,2층 (2F),R,530000,02.25  15:55,판매중,N,정보 없음
콘서트,세븐틴,세븐틴 2025 - 인천,03.20  18:30,N4,14,2층 (2F),S,540000,02.24  16:12,판매중,N,정보 없음
콘서트,세븐틴,세븐틴 2025 - 인천,03.21  18:30,E17,13,2층 (2F),R,540000,02.22  17:20,판매중,N,판매자가 입장 도움
콘서트,세븐틴,세븐틴 2025 - 인천,03.20  18:30,E21,6,2층 (2F),R,545000,03.06  13:20,판매중,N,정보 없음
콘서트,세븐틴,세븐틴 2025 - 인천,03.20  18:30,N4,5,2층 (2F),S,550000,03.06  22:02,판매중,N,정보 없음
콘서트,세븐틴,세븐틴 2025 - 인천,03.20  18:30,N4,12,2층 (2F),S,550000,03.06  22:01,판매중,N,정보 없음
콘서트,세븐틴,세븐틴 2025 - 인천,03.20  18:30,N5,12,2층 (2F),S,550000,03.06  21:54,판매중,N,정보 없음
콘서트,세븐틴,세븐틴 2025 - 인천,03.20  18:30,N5,1,2층 (2F),S,550000,03.06  09:52,판매중,N,여성명의
콘서트,세븐틴,세븐틴 2025 - 인천,03.21  18:30,E17,13,2층 (2F),R,550000,03.05  22:19,판매중,N,판매자가 입장 도움
콘서트,세븐틴,세븐틴 2025 - 인천,03.21  18:30,N5,4,2층 (2F),S,550000,03.05  21:02,판매중,N,여성명의
콘서트,세븐틴,세븐틴 2025 - 인천,03.20  18:30,E16,10,2층 (2F),R,550000,03.05  19:01,판매중,N,판매자가 입장 도움
콘서트,세븐틴,세븐틴 2025 - 인천,03.21  18:30,E18,10,2층 (2F),R,550000,03.04  10:21,판매중,N,판매자가 입장 도움
콘서트,세븐틴,세븐틴 2025 - 인천,03.20  18:30,E41,2,4층 (4F),S,550000,03.01  20:36,판매중,N,판매자가 입장 도움
콘서트,세븐틴,세븐틴 2025 - 인천,03.20  18:30,E13,5,2층 (2F),R,550000,02.28  19:52,판매중,N,정보 없음
콘서트,세븐틴,세븐틴 2025 - 인천,03.21  18:30,E13,11,2층 (2F),R,550000,02.28  15:50,판매중,N,판매자가 입장 도움
콘서트,세븐틴,세븐틴 2025 - 인천,03.20  18:30,F1,13,플로어석 (Floor),R,550000,02.28  09:21,판매중,N,정보 없음
콘서트,세븐틴,세븐틴 2025 - 인천,03.20  18:30,F15,18,플로어석 (Floor),R,550000,02.28  00:00,판매중,N,여성명의
콘서트,세븐틴,세븐틴 2025 - 인천,03.21  18:30,E30,1,2층 (2F),R,550000,02.27  17:44,판매중,N,정보 없음
콘서트,세븐틴,세븐틴 2025 - 인천,03.20  18:30,E13,3,2층 (2F),R,550000,02.27  17:33,판매중,N,정보 없음
콘서트,세븐틴,세븐틴 2025 - 인천,03.21  18:30,E13,8,2층 (2F),R,550000,02.26  20:42,판매중,N,여성명의
콘서트,세븐틴,세븐틴 2025 - 인천,03.21  18:30,E28,6,2층 (2F),R,550000,02.26  15:53,판매중,N,정보 없음
콘서트,세븐틴,세븐틴 2025 - 인천,03.20  18:30,E12,중블 10,2층 (2F),R,550000,02.25  11:18,판매중,N,정보 없음
콘서트,세븐틴,세븐틴 2025 - 인천,03.20  18:30,E18,12,2층 (2F),R,550000,02.24  22:28,판매중,N,정보 없음
콘서트,세븐틴,세븐틴 2025 - 인천,03.21  18:30,E32,8,2층 (2F),R,550000,02.24  22:25,판매중,N,정보 없음
콘서트,세븐틴,세븐틴 2025 - 인천,03.20  18:30,N1,한칸떨어진 2자리8,2층 (2F),S,550000,02.24  20:31,판매중,N,정보 없음
콘서트,세븐틴,세븐틴 2025 - 인천,03.20  18:30,E32,1,2층 (2F),R,550000,02.23  21:33,판매중,N,정보 없음
콘서트,세븐틴,세븐틴 2025 - 인천,03.20  18:30,E31,1,2층 (2F),R,550000,02.23  21:31,판매중,N,정보 없음
콘서트,세븐틴,세븐틴 2025 - 인천,03.20  18:30,E14,2,2층 (2F),R,550000,02.23  21:31,판매중,N,정보 없음
콘서트,세븐틴,세븐틴 2025 - 인천,03.21  18:30,E1,5,2층 (2F),R,550000,02.23  06:35,판매중,N,판매자가 입장 도움
콘서트,세븐틴,세븐틴 2025 - 인천,03.20  18:30,E2,10,2층 (2F),R,550000,02.22  18:57,판매중,N,판매자가 입장 도움
콘서트,세븐틴,세븐틴 2025 - 인천,03.20  18:30,E18,8,2층 (2F),R,550000,02.22  14:41,판매중,N,정보 없음
콘서트,세븐틴,세븐틴 2025 - 인천,03.20  18:30,E36,2,4층 (4F),S,550000,02.21  22:29,판매중,N,정보 없음
콘서트,세븐틴,세븐틴 2025 - 인천,03.20  18:30,E25,3,2층 (2F),R,550000,02.21  21:18,판매중,N,정보 없음
콘서트,세븐틴,세븐틴 2025 - 인천,03.21  18:30,E30,1,2층 (2F),R,550000,02.21  21:16,판매중,N,정보 없음
콘서트,세븐틴,세븐틴 2025 - 인천,03.20  18:30,E3,14,2층 (2F),R,550000,02.21  20:49,판매중,N,여성명의
콘서트,세븐틴,세븐틴 2025 - 인천,03.21  18:30,F2,15,플로어석 (Floor),R,550000,02.21  20:26,판매중,N,정보 없음
콘서트,세븐틴,세븐틴 2025 - 인천,03.20  18:30,S14,13,2층 (2F),S,560000,02.25  00:21,판매중,N,정보 없음
콘서트,세븐틴,세븐틴 2025 - 인천,03.20  18:30,F1,13,플로어석 (Floor),R,560000,02.24  19:50,판매중,N,정보 없음
콘서트,세븐틴,세븐틴 2025 - 인천,03.20  18:30,E21,6,2층 (2F),R,560000,02.21  21:29,판매중,N,정보 없음
콘서트,세븐틴,세븐틴 2025 - 인천,03.21  18:30,N1,8,2층 (2F),S,570000,03.05  07:51,판매중,N,정보 없음
콘서트,세븐틴,세븐틴 2025 - 인천,03.20  18:30,F16,23,플로어석 (Floor),R,580000,03.06  21:57,판매중,N,정보 없음
콘서트,세븐틴,세븐틴 2025 - 인천,03.21  18:30,E17,11,2층 (2F),R,580000,03.03  14:12,판매중,N,판매자가 입장 도움
콘서트,세븐틴,세븐틴 2025 - 인천,03.20  18:30,F2,22,플로어석 (Floor),R,590000,03.04  22:16,판매중,N,판매자가 입장 도움
콘서트,세븐틴,세븐틴 2025 - 인천,03.21  18:30,E14,11,2층 (2F),R,590000,03.03  14:11,판매중,N,판매자가 입장 도움
콘서트,세븐틴,세븐틴 2025 - 인천,03.20  18:30,N20,10,2층 (2F),S,590000,03.02  11:07,판매중,N,판매자가 입장 도움
콘서트,세븐틴,세븐틴 2025 - 인천,03.20  18:30,N19,15,2층 (2F),S,590000,03.02  11:06,판매중,N,판매자가 입장 도움
콘서트,세븐틴,세븐틴 2025 - 인천,03.20  18:30,S16,9,2층 (2F),S,590000,03.02  11:05,판매중,N,판매자가 입장 도움
콘서트,세븐틴,세븐틴 2025 - 인천,03.20  18:30,S15,4,2층 (2F),S,590000,03.02  11:04,판매중,N,판매자가 입장 도움
콘서트,세븐틴,세븐틴 2025 - 인천,03.21  18:30,E16,8열,2층 (2F),R,590000,02.26  20:38,판매중,N,판매자가 입장 도움
콘서트,세븐틴,세븐틴 2025 - 인천,03.20  18:30,E15,11,2층 (2F),R,590000,02.25  11:33,판매중,N,판매자가 입장 도움
콘서트,세븐틴,세븐틴 2025 - 인천,03.20  18:30,N3,13,2층 (2F),S,590000,02.24  22:18,판매중,N,판매자가 입장 도움
콘서트,세븐틴,세븐틴 2025 - 인천,03.20  18:30,E13,7,2층 (2F),R,590000,02.21  21:00,판매중,N,판매자가 입장 도움
콘서트,세븐틴,세븐틴 2025 - 인천,03.21  18:30,E14,12,2층 (2F),R,600000,03.08  11:46,판매중,N,정보 없음
콘서트,세븐틴,세븐틴 2025 - 인천,03.20  18:30,F10,7,플로어석 (Floor),R,600000,03.07  23:19,판매중,N,정보 없음
콘서트,세븐틴,세븐틴 2025 - 인천,03.20  18:30,F10,16,플로어석 (Floor),R,600000,03.07  13:23,판매중,N,여성명의
콘서트,세븐틴,세븐틴 2025 - 인천,03.20  18:30,F9,20,플로어석 (Floor),R,600000,03.06  21:41,판매중,N,정보 없음
콘서트,세븐틴,세븐틴 2025 - 인천,03.20  18:30,F7,11,플로어석 (Floor),R,600000,03.06  13:56,판매중,N,정보 없음
콘서트,세븐틴,세븐틴 2025 - 인천,03.20  18:30,F11,25,플로어석 (Floor),R,600000,03.06  13:55,판매중,N,정보 없음
콘서트,세븐틴,세븐틴 2025 - 인천,03.21  18:30,F8,13,2층 (2F),R,600000,02.27  00:33,판매중,N,정보 없음
콘서트,세븐틴,세븐틴 2025 - 인천,03.20  18:30,E12,7,2층 (2F),R,600000,02.26  22:22,판매중,N,정보 없음
콘서트,세븐틴,세븐틴 2025 - 인천,03.20  18:30,F16,18,플로어석 (Floor),R,600000,02.26  20:46,판매중,N,판매자가 입장 도움
콘서트,세븐틴,세븐틴 2025 - 인천,03.21  18:30,E4,14,2층 (2F),R,600000,02.26  15:23,판매중,N,정보 없음
콘서트,세븐틴,세븐틴 2025 - 인천,03.21  18:30,N1,6,2층 (2F),S,600000,02.25  19:49,판매중,N,정보 없음
콘서트,세븐틴,세븐틴 2025 - 인천,03.21  18:30,S4,2,2층 (2F),S,600000,02.25  18:42,판매중,N,판매자가 입장 도움
콘서트,세븐틴,세븐틴 2025 - 인천,03.21  18:30,F8,14,플로어석 (Floor),R,600000,02.25  18:26,판매중,N,정보 없음
콘서트,세븐틴,세븐틴 2025 - 인천,03.21  18:30,E14,9,2층 (2F),R,600000,02.25  14:16,판매중,N,판매자가 입장 도움
콘서트,세븐틴,세븐틴 2025 - 인천,03.20  18:30,N4,14,2층 (2F),S,600000,02.25  13:58,판매중,N,판매자가 입장 도움
콘서트,세븐틴,세븐틴 2025 - 인천,03.20  18:30,E13,14,2층 (2F),R,600000,02.25  13:55,판매중,N,판매자가 입장 도움
콘서트,세븐틴,세븐틴 2025 - 인천,03.20  18:30,E2,9,2층 (2F),R,600000,02.25  13:53,판매중,N,판매자가 입장 도움
콘서트,세븐틴,세븐틴 2025 - 인천,03.20  18:30,E2,12,2층 (2F),R,600000,02.25  13:52,판매중,N,정보 없음
콘서트,세븐틴,세븐틴 2025 - 인천,03.20  18:30,F16,1n열 초반,플로어석 (Floor),R,600000,02.25  10:14,판매중,N,정보 없음
콘서트,세븐틴,세븐틴 2025 - 인천,03.21  18:30,E18,6,2층 (2F),R,600000,02.25  09:23,판매중,N,판매자가 입장 도움
콘서트,세븐틴,세븐틴 2025 - 인천,03.21  18:30,E30,10,2층 (2F),R,600000,02.25  02:02,판매중,N,판매자가 입장 도움
콘서트,세븐틴,세븐틴 2025 - 인천,03.20  18:30,S9,13,2층 (2F),S,600000,02.25  00:19,판매중,N,정보 없음
콘서트,세븐틴,세븐틴 2025 - 인천,03.21  18:30,E12,7,2층 (2F),R,600000,02.24  21:43,판매중,Y,판매자가 입장 도움
콘서트,세븐틴,세븐틴 2025 - 인천,03.20  18:30,F10,29,플로어석 (Floor),R,600000,02.24  13:29,판매중,N,정보 없음
콘서트,세븐틴,세븐틴 2025 - 인천,03.20  18:30,F9,2n,플로어석 (Floor),R,600000,02.24  11:59,판매중,N,정보 없음
콘서트,세븐틴,세븐틴 2025 - 인천,03.20  18:30,N4,10,2층 (2F),S,600000,02.23  22:14,판매중,N,정보 없음
콘서트,세븐틴,세븐틴 2025 - 인천,03.20  18:30,N21,15,2층 (2F),S,600000,02.23  16:24,판매중,N,정보 없음
콘서트,세븐틴,세븐틴 2025 - 인천,03.20  18:30,F16,2n,플로어석 (Floor),R,600000,02.22  20:55,판매중,N,정보 없음
콘서트,세븐틴,세븐틴 2025 - 인천,03.20  18:30,E12,13,2층 (2F),R,600000,02.22  14:35,판매중,N,판매자가 입장 도움
콘서트,세븐틴,세븐틴 2025 - 인천,03.20  18:30,E2,11,2층 (2F),R,600000,02.22  02:47,판매중,N,정보 없음
콘서트,세븐틴,세븐틴 2025 - 인천,03.21  18:30,E42,*사진 O* 4,,S,600000,02.22  01:12,판매중,N,정보 없음
콘서트,세븐틴,세븐틴 2025 - 인천,03.21  18:30,E2,14,2층 (2F),R,600000,02.21  23:07,판매중,N,여성명의
콘서트,세븐틴,세븐틴 2025 - 인천,03.20  18:30,F9,27,플로어석 (Floor),R,600000,02.21  23:03,판매중,N,정보 없음
콘서트,세븐틴,세븐틴 2025 - 인천,03.20  18:30,S5,1,2층 (2F),S,600000,02.21  22:31,판매중,N,정보 없음
콘서트,세븐틴,세븐틴 2025 - 인천,03.21  18:30,S5,6,2층 (2F),S,600000,02.21  21:46,판매중,N,여성명의
콘서트,세븐틴,세븐틴 2025 - 인천,03.21  18:30,E23,1,2층 (2F),R,600000,02.21  21:07,판매중,N,정보 없음
콘서트,세븐틴,세븐틴 2025 - 인천,03.21  18:30,N20,13,2층 (2F),S,600000,02.21  20:59,판매중,N,판매자가 입장 도움
콘서트,세븐틴,세븐틴 2025 - 인천,03.21  18:30,F2,15,플로어석 (Floor),R,600000,02.21  20:57,판매중,N,판매자가 입장 도움
콘서트,세븐틴,세븐틴 2025 - 인천,03.21  18:30,E58,무대가까운 19,4층 (4F),S,600000,02.21  20:55,판매중,Y,정보 없음
콘서트,세븐틴,세븐틴 2025 - 인천,03.21  18:30,F2,18,플로어석 (Floor),R,600000,02.21  20:35,판매중,N,정보 없음
콘서트,세븐틴,세븐틴 2025 - 인천,03.20  18:30,N3,5열 우블,2층 (2F),S,600000,02.21  20:35,판매중,N,정보 없음
콘서트,세븐틴,세븐틴 2025 - 인천,03.20  18:30,E19,7,2층 (2F),R,609000,03.08  02:51,판매중,N,정보 없음
콘서트,세븐틴,세븐틴 2025 - 인천,03.20  18:30,E25,1,2층 (2F),R,630000,02.23  21:30,판매중,N,정보 없음
콘서트,세븐틴,세븐틴 2025 - 인천,03.20  18:30,E18,3,2층 (2F),R,630000,02.23  21:30,판매중,N,정보 없음
콘서트,세븐틴,세븐틴 2025 - 인천,03.21  18:30,F10,28,플로어석 (Floor),R,630000,02.21  21:53,판매중,N,여성명의
콘서트,세븐틴,세븐틴 2025 - 인천,03.21  18:30,E24,8열,2층 (2F),R,650000,03.07  19:44,판매중,N,여성명의
콘서트,세븐틴,세븐틴 2025 - 인천,03.20  18:30,F15,23,플로어석 (Floor),R,650000,03.07  13:51,판매중,N,정보 없음
콘서트,세븐틴,세븐틴 2025 - 인천,03.20  18:30,F15,6,플로어석 (Floor),R,650000,03.06  13:59,판매중,N,정보 없음
콘서트,세븐틴,세븐틴 2025 - 인천,03.20  18:30,Play＆Stay 미,미정,Play＆Stay,Play&Stay,650000,03.06  10:52,판매중,N,판매자가 입장 도움
콘서트,세븐틴,세븐틴 2025 - 인천,03.21  18:30,F1,18,플로어석 (Floor),R,650000,03.05  21:05,판매중,N,정보 없음
콘서트,세븐틴,세븐틴 2025 - 인천,03.20  18:30,F2,20,플로어석 (Floor),R,650000,03.05  15:27,판매중,N,정보 없음
콘서트,세븐틴,세븐틴 2025 - 인천,03.21  18:30,F2,15,플로어석 (Floor),R,650000,03.01  05:52,판매중,N,정보 없음
콘서트,세븐틴,세븐틴 2025 - 인천,03.21  18:30,E14,9,2층 (2F),R,650000,03.01  00:01,판매중,N,판매자가 입장 도움
콘서트,세븐틴,세븐틴 2025 - 인천,03.20  18:30,F14,13,플로어석 (Floor),R,650000,02.28  23:01,판매중,N,정보 없음
콘서트,세븐틴,세븐틴 2025 - 인천,03.21  18:30,E14,4,2층 (2F),R,650000,02.27  17:32,판매중,N,정보 없음
콘서트,세븐틴,세븐틴 2025 - 인천,03.20  18:30,F11,25,플로어석 (Floor),R,650000,02.26  11:30,판매중,N,여성명의
콘서트,세븐틴,세븐틴 2025 - 인천,03.20  18:30,F2,12,플로어석 (Floor),R,650000,02.25  19:07,판매중,N,여성명의
콘서트,세븐틴,세븐틴 2025 - 인천,03.21  18:30,E2,11,2층 (2F),R,650000,02.24  22:15,판매중,N,정보 없음
콘서트,세븐틴,세븐틴 2025 - 인천,03.21  18:30,E14,9,2층 (2F),R,650000,02.24  20:24,판매중,N,판매자가 입장 도움
콘서트,세븐틴,세븐틴 2025 - 인천,03.21  18:30,N3,6,2층 (2F),S,650000,02.24  09:08,판매중,N,여성명의
콘서트,세븐틴,세븐틴 2025 - 인천,03.21  18:30,E25,9,2층 (2F),R,650000,02.23  22:25,판매중,N,정보 없음
콘서트,세븐틴,세븐틴 2025 - 인천,03.21  18:30,E20,8,2층 (2F),R,650000,02.22  17:43,판매중,N,정보 없음
콘서트,세븐틴,세븐틴 2025 - 인천,03.21  18:30,E14,1,2층 (2F),R,650000,02.22  07:34,판매중,N,정보 없음
콘서트,세븐틴,세븐틴 2025 - 인천,03.20  18:30,E20,8,2층 (2F),R,650000,02.21  22:14,판매중,N,판매자가 입장 도움
콘서트,세븐틴,세븐틴 2025 - 인천,03.20  18:30,F2,18,플로어석 (Floor),R,660000,03.06  21:46,판매중,N,정보 없음
콘서트,세븐틴,세븐틴 2025 - 인천,03.20  18:30,E14,11,2층 (2F),R,670000,02.28  18:08,판매중,N,판매자가 입장 도움
콘서트,세븐틴,세븐틴 2025 - 인천,03.20  18:30,F9,1N,플로어석 (Floor),R,670000,02.25  16:19,판매중,N,정보 없음
콘서트,세븐틴,세븐틴 2025 - 인천,03.21  18:30,F15,14,플로어석 (Floor),R,670000,02.24  12:26,판매중,N,정보 없음
콘서트,세븐틴,세븐틴 2025 - 인천,03.21  18:30,F1,13,플로어석 (Floor),R,680000,03.08  16:15,판매중,N,판매자가 입장 도움
콘서트,세븐틴,세븐틴 2025 - 인천,03.20  18:30,F15,5,플로어석 (Floor),R,680000,03.06  14:01,판매중,N,정보 없음
콘서트,세븐틴,세븐틴 2025 - 인천,03.21  18:30,E14,5,2층 (2F),R,680000,02.28  22:07,판매중,N,판매자가 입장 도움
콘서트,세븐틴,세븐틴 2025 - 인천,03.20  18:30,N20,10,2층 (2F),S,690000,02.28  09:29,판매중,N,판매자가 입장 도움
콘서트,세븐틴,세븐틴 2025 - 인천,03.21  18:30,E22,5열,2층 (2F),R,690000,02.26  20:39,판매중,N,판매자가 입장 도움
콘서트,세븐틴,세븐틴 2025 - 인천,03.21  18:30,E3,10,2층 (2F),R,690000,02.25  19:52,판매중,N,정보 없음
콘서트,세븐틴,세븐틴 2025 - 인천,03.20  18:30,E14,7,2층 (2F),R,690000,02.24  20:26,판매중,N,정보 없음
콘서트,세븐틴,세븐틴 2025 - 인천,03.20  18:30,N1,7,2층 (2F),S,698000,02.24  21:00,판매중,N,정보 없음
콘서트,세븐틴,세븐틴 2025 - 인천,03.20  18:30,E21,5,2층 (2F),R,700000,03.07  14:53,판매중,N,정보 없음
콘서트,세븐틴,세븐틴 2025 - 인천,03.20  18:30,F8,19,플로어석 (Floor),R,700000,03.07  13:07,판매중,N,정보 없음
콘서트,세븐틴,세븐틴 2025 - 인천,03.20  18:30,E15,8,2층 (2F),R,700000,03.06  18:50,판매중,N,정보 없음
콘서트,세븐틴,세븐틴 2025 - 인천,03.20  18:30,F14,15,플로어석 (Floor),R,700000,03.06  03:10,판매중,N,정보 없음
콘서트,세븐틴,세븐틴 2025 - 인천,03.20  18:30,F2,17,플로어석 (Floor),R,700000,03.06  00:54,판매중,N,정보 없음
콘서트,세븐틴,세븐틴 2025 - 인천,03.21  18:30,F1,12,플로어석 (Floor),R,700000,03.05  21:03,판매중,N,정보 없음
콘서트,세븐틴,세븐틴 2025 - 인천,03.21  18:30,E1,3,2층 (2F),R,700000,03.05  12:50,판매중,N,판매자가 입장 도움
콘서트,세븐틴,세븐틴 2025 - 인천,03.21  18:30,E27,8,2층 (2F),R,700000,03.05  11:35,판매중,N,정보 없음
콘서트,세븐틴,세븐틴 2025 - 인천,03.21  18:30,E30,10,2층 (2F),R,700000,03.04  12:39,판매중,N,정보 없음
콘서트,세븐틴,세븐틴 2025 - 인천,03.21  18:30,E2,9,2층 (2F),R,700000,03.03  15:22,판매중,N,정보 없음
콘서트,세븐틴,세븐틴 2025 - 인천,03.21  18:30,E3,10,플로어석 (Floor),R,700000,03.01  19:09,판매중,N,정보 없음
콘서트,세븐틴,세븐틴 2025 - 인천,03.21  18:30,F7,7,플로어석 (Floor),R,700000,03.01  19:08,판매중,N,정보 없음
콘서트,세븐틴,세븐틴 2025 - 인천,03.20  18:30,F10,23,플로어석 (Floor),R,700000,02.28  09:19,판매중,N,정보 없음
콘서트,세븐틴,세븐틴 2025 - 인천,03.21  18:30,E24,8,2층 (2F),R,700000,02.27  17:07,판매중,N,판매자가 입장 도움
콘서트,세븐틴,세븐틴 2025 - 인천,03.20  18:30,F15,27,플로어석 (Floor),R,700000,02.26  16:34,판매중,N,판매자가 입장 도움
콘서트,세븐틴,세븐틴 2025 - 인천,03.21  18:30,F8,18,플로어석 (Floor),R,700000,02.26  16:26,판매중,N,정보 없음
콘서트,세븐틴,세븐틴 2025 - 인천,03.21  18:30,F8,13,플로어석 (Floor),R,700000,02.26  11:26,판매중,N,판매자가 입장 도움
콘서트,세븐틴,세븐틴 2025 - 인천,03.20  18:30,N3,2,2층 (2F),S,700000,02.26  10:35,판매중,N,정보 없음
콘서트,세븐틴,세븐틴 2025 - 인천,03.20  18:30,E13,14,2층 (2F),R,700000,02.26  04:01,판매중,N,정보 없음
콘서트,세븐틴,세븐틴 2025 - 인천,03.21  18:30,F1,17,플로어석 (Floor),R,700000,02.25  19:03,판매중,N,판매자가 입장 도움
콘서트,세븐틴,세븐틴 2025 - 인천,03.20  18:30,F10,27,플로어석 (Floor),R,700000,02.25  17:01,판매중,N,정보 없음
콘서트,세븐틴,세븐틴 2025 - 인천,03.21  18:30,E25,10,2층 (2F),R,700000,02.25  14:23,판매중,N,판매자가 입장 도움
콘서트,세븐틴,세븐틴 2025 - 인천,03.21  18:30,N1,7,2층 (2F),S,700000,02.25  14:22,판매중,N,판매자가 입장 도움
콘서트,세븐틴,세븐틴 2025 - 인천,03.21  18:30,E2,9,2층 (2F),R,700000,02.25  14:20,판매중,N,판매자가 입장 도움
콘서트,세븐틴,세븐틴 2025 - 인천,03.21  18:30,E15,10,2층 (2F),R,700000,02.25  14:20,판매중,N,판매자가 입장 도움
콘서트,세븐틴,세븐틴 2025 - 인천,03.21  18:30,E14,5,2층 (2F),R,700000,02.25  14:17,판매중,N,판매자가 입장 도움
콘서트,세븐틴,세븐틴 2025 - 인천,03.21  18:30,E14,11,2층 (2F),R,700000,02.25  14:16,판매중,N,판매자가 입장 도움
콘서트,세븐틴,세븐틴 2025 - 인천,03.20  18:30,E2,8,2층 (2F),R,700000,02.25  14:02,판매중,N,판매자가 입장 도움
콘서트,세븐틴,세븐틴 2025 - 인천,03.20  18:30,E14,3,2층 (2F),R,700000,02.25  14:01,판매중,N,판매자가 입장 도움
콘서트,세븐틴,세븐틴 2025 - 인천,03.20  18:30,E16,4,2층 (2F),R,700000,02.25  14:00,판매중,N,판매자가 입장 도움
콘서트,세븐틴,세븐틴 2025 - 인천,03.20  18:30,E2,6,2층 (2F),R,700000,02.25  13:54,판매중,N,판매자가 입장 도움
콘서트,세븐틴,세븐틴 2025 - 인천,03.21  18:30,E23,7,2층 (2F),R,700000,02.25  13:29,판매중,N,판매자가 입장 도움
콘서트,세븐틴,세븐틴 2025 - 인천,03.21  18:30,N3,14,2층 (2F),S,700000,02.24  20:48,판매중,N,정보 없음
콘서트,세븐틴,세븐틴 2025 - 인천,03.20  18:30,E12,1n,2층 (2F),R,700000,02.24  18:05,판매중,N,정보 없음
콘서트,세븐틴,세븐틴 2025 - 인천,03.21  18:30,E2,10~11열,플로어석 (Floor),R,700000,02.24  17:10,판매중,Y,정보 없음
콘서트,세븐틴,세븐틴 2025 - 인천,03.20  18:30,N1,8,2층 (2F),S,700000,02.23  22:19,판매중,N,정보 없음
콘서트,세븐틴,세븐틴 2025 - 인천,03.20  18:30,F15,6,플로어석 (Floor),R,700000,02.23  15:55,판매중,N,여성명의
콘서트,세븐틴,세븐틴 2025 - 인천,03.20  18:30,N3,14,2층 (2F),S,700000,02.23  14:52,판매중,Y,판매자가 입장 도움
콘서트,세븐틴,세븐틴 2025 - 인천,03.20  18:30,S6,3,2층 (2F),S,700000,02.22  21:54,판매중,N,정보 없음
콘서트,세븐틴,세븐틴 2025 - 인천,03.21  18:30,S7,1열,2층 (2F),S,700000,02.22  21:41,판매중,N,판매자가 입장 도움
콘서트,세븐틴,세븐틴 2025 - 인천,03.20  18:30,F2,22,플로어석 (Floor),R,700000,02.22  14:58,판매중,N,정보 없음
콘서트,세븐틴,세븐틴 2025 - 인천,03.20  18:30,F9,23,플로어석 (Floor),R,700000,02.22  12:35,판매중,N,정보 없음
콘서트,세븐틴,세븐틴 2025 - 인천,03.20  18:30,F1,26열,플로어석 (Floor),R,700000,02.22  11:30,판매중,N,정보 없음
콘서트,세븐틴,세븐틴 2025 - 인천,03.20  18:30,F10,7,플로어석 (Floor),R,700000,02.21  23:57,판매중,N,판매자가 입장 도움
콘서트,세븐틴,세븐틴 2025 - 인천,03.21  18:30,N4,3,2층 (2F),S,700000,02.21  23:52,판매중,N,정보 없음
콘서트,세븐틴,세븐틴 2025 - 인천,03.20  18:30,F1,25,플로어석 (Floor),R,700000,02.21  23:07,판매중,N,정보 없음
콘서트,세븐틴,세븐틴 2025 - 인천,03.21  18:30,E12,11,2층 (2F),R,700000,02.21  22:26,판매중,N,정보 없음
콘서트,세븐틴,세븐틴 2025 - 인천,03.21  18:30,E4,13,2층 (2F),R,700000,02.21  22:23,판매중,N,정보 없음
콘서트,세븐틴,세븐틴 2025 - 인천,03.20  18:30,F1,15,플로어석 (Floor),R,700000,02.21  21:38,판매중,N,판매자가 입장 도움
콘서트,세븐틴,세븐틴 2025 - 인천,03.20  18:30,F7,21,플로어석 (Floor),R,700000,02.21  21:27,판매중,N,정보 없음
콘서트,세븐틴,세븐틴 2025 - 인천,03.21  18:30,E20,8,2층 (2F),R,700000,02.21  21:17,판매중,N,정보 없음
콘서트,세븐틴,세븐틴 2025 - 인천,03.21  18:30,F15,28,플로어석 (Floor),R,700000,02.21  20:14,판매중,N,판매자가 입장 도움
콘서트,세븐틴,세븐틴 2025 - 인천,03.20  18:30,F14,19,플로어석 (Floor),R,720000,03.04  15:18,판매중,N,정보 없음
콘서트,세븐틴,세븐틴 2025 - 인천,03.20  18:30,F14,19,플로어석 (Floor),R,720000,03.04  15:18,판매중,N,정보 없음
콘서트,세븐틴,세븐틴 2025 - 인천,03.20  18:30,F10,10,플로어석 (Floor),R,720000,02.26  13:30,판매중,N,정보 없음
콘서트,세븐틴,세븐틴 2025 - 인천,03.21  18:30,E13,2,2층 (2F),R,750000,03.08  16:59,판매중,N,정보 없음
콘서트,세븐틴,세븐틴 2025 - 인천,03.20  18:30,E22,8,2층 (2F),R,750000,03.08  01:41,판매중,N,정보 없음
콘서트,세븐틴,세븐틴 2025 - 인천,03.21  18:30,F10,10,플로어석 (Floor),R,750000,03.06  20:50,판매중,N,여성명의
콘서트,세븐틴,세븐틴 2025 - 인천,03.20  18:30,F15,2,플로어석 (Floor),R,750000,03.06  14:02,판매중,N,정보 없음
콘서트,세븐틴,세븐틴 2025 - 인천,03.20  18:30,E2,7,2층 (2F),R,750000,03.05  17:41,판매중,N,여성명의
콘서트,세븐틴,세븐틴 2025 - 인천,03.21  18:30,F15,24,플로어석 (Floor),R,750000,03.01  16:53,판매중,N,정보 없음
콘서트,세븐틴,세븐틴 2025 - 인천,03.20  18:30,E21,5,2층 (2F),R,750000,02.28  23:17,판매중,N,판매자가 입장 도움
콘서트,세븐틴,세븐틴 2025 - 인천,03.20  18:30,E13,14 사진o현장o,2층 (2F),R,750000,02.25  21:32,판매중,N,정보 없음
콘서트,세븐틴,세븐틴 2025 - 인천,03.20  18:30,F14,12,플로어석 (Floor),R,750000,02.24  23:10,판매중,N,여성명의
콘서트,세븐틴,세븐틴 2025 - 인천,03.21  18:30,F15,1n,플로어석 (Floor),R,750000,02.23  22:11,판매중,N,판매자가 입장 도움
콘서트,세븐틴,세븐틴 2025 - 인천,03.21  18:30,F7,16,플로어석 (Floor),R,750000,02.23  20:36,판매중,N,정보 없음
콘서트,세븐틴,세븐틴 2025 - 인천,03.20  18:30,Play＆Stay 미,글래드 여의도 연석,Play＆Stay,Play&Stay,750000,02.22  22:08,판매중,N,정보 없음
콘서트,세븐틴,세븐틴 2025 - 인천,03.20  18:30,F14,12,플로어석 (Floor),R,750000,02.22  19:47,판매중,N,판매자가 입장 도움
콘서트,세븐틴,세븐틴 2025 - 인천,03.20  18:30,E23,3,2층 (2F),R,750000,02.21  22:33,판매중,N,판매자가 입장 도움
콘서트,세븐틴,세븐틴 2025 - 인천,03.21  18:30,E13,9,2층 (2F),R,750000,02.21  21:31,판매중,N,정보 없음
콘서트,세븐틴,세븐틴 2025 - 인천,03.21  18:30,E13,11,2층 (2F),R,750000,02.21  21:28,판매중,N,정보 없음
콘서트,세븐틴,세븐틴 2025 - 인천,03.21  18:30,E4,7,2층 (2F),R,750000,02.21  21:19,판매중,N,판매자가 입장 도움
콘서트,세븐틴,세븐틴 2025 - 인천,03.20  18:30,F10,22,플로어석 (Floor),R,750000,02.21  20:48,판매중,N,정보 없음
콘서트,세븐틴,세븐틴 2025 - 인천,03.20  18:30,F10,17,플로어석 (Floor),R,770000,03.01  21:24,판매중,N,판매자가 입장 도움
콘서트,세븐틴,세븐틴 2025 - 인천,03.20  18:30,F10,25,플로어석 (Floor),R,770000,02.23  18:32,판매중,N,정보 없음
콘서트,세븐틴,세븐틴 2025 - 인천,03.20  18:30,F15,8,플로어석 (Floor),R,770000,02.21  20:49,판매중,N,정보 없음
콘서트,세븐틴,세븐틴 2025 - 인천,03.21  18:30,F10,10,플로어석 (Floor),R,780000,03.07  11:47,판매중,N,정보 없음
콘서트,세븐틴,세븐틴 2025 - 인천,03.20  18:30,E11,8,2층 (2F),R,780000,03.04  16:37,판매중,N,정보 없음
콘서트,세븐틴,세븐틴 2025 - 인천,03.20  18:30,F10,20,플로어석 (Floor),R,780000,03.04  12:11,판매중,N,정보 없음
콘서트,세븐틴,세븐틴 2025 - 인천,03.20  18:30,F10,31,플로어석 (Floor),R,780000,02.27  01:37,판매중,N,판매자가 입장 도움
콘서트,세븐틴,세븐틴 2025 - 인천,03.20  18:30,F7,왼쪽통로 15,플로어석 (Floor),R,780000,02.25  11:20,판매중,N,여성명의
콘서트,세븐틴,세븐틴 2025 - 인천,03.21  18:30,E4,10,2층 (2F),R,780000,02.25  02:14,판매중,N,정보 없음
콘서트,세븐틴,세븐틴 2025 - 인천,03.20  18:30,F14,12,플로어석 (Floor),R,790000,03.03  15:35,판매중,N,정보 없음
콘서트,세븐틴,세븐틴 2025 - 인천,03.21  18:30,E21,10열,2층 (2F),R,790000,02.26  20:40,판매중,N,판매자가 입장 도움
콘서트,세븐틴,세븐틴 2025 - 인천,03.20  18:30,F1,20,플로어석 (Floor),R,790000,02.21  22:19,판매중,N,정보 없음
콘서트,세븐틴,세븐틴 2025 - 인천,03.21  18:30,F7,20,플로어석 (Floor),R,790000,02.21  21:25,판매중,N,정보 없음
콘서트,세븐틴,세븐틴 2025 - 인천,03.20  18:30,F15,24,플로어석 (Floor),R,790000,02.21  20:18,판매중,N,정보 없음
콘서트,세븐틴,세븐틴 2025 - 인천,03.21  18:30,N1,2,2층 (2F),S,798000,02.24  21:00,판매중,N,정보 없음
콘서트,세븐틴,세븐틴 2025 - 인천,03.21  18:30,F14,32,플로어석 (Floor),R,800000,03.06  23:34,판매중,N,판매자가 입장 도움
콘서트,세븐틴,세븐틴 2025 - 인천,03.21  18:30,F10,23,플로어석 (Floor),R,800000,03.06  16:39,판매중,N,여성명의
콘서트,세븐틴,세븐틴 2025 - 인천,03.20  18:30,F2,18,플로어석 (Floor),R,800000,03.05  22:30,판매중,N,정보 없음
콘서트,세븐틴,세븐틴 2025 - 인천,03.20  18:30,F2,22,플로어석 (Floor),R,800000,03.05  19:31,판매중,N,정보 없음
콘서트,세븐틴,세븐틴 2025 - 인천,03.20  18:30,F14,12,플로어석 (Floor),R,800000,03.05  00:51,판매중,N,정보 없음
콘서트,세븐틴,세븐틴 2025 - 인천,03.21  18:30,F10,21,플로어석 (Floor),R,800000,03.04  15:51,판매중,N,정보 없음
콘서트,세븐틴,세븐틴 2025 - 인천,03.20  18:30,F14,12,플로어석 (Floor),R,800000,03.04  15:17,판매중,N,판매자가 입장 도움
콘서트,세븐틴,세븐틴 2025 - 인천,03.21  18:30,E4,8,2층 (2F),R,800000,03.04  11:47,판매중,N,정보 없음
콘서트,세븐틴,세븐틴 2025 - 인천,03.20  18:30,F7,19,플로어석 (Floor),R,800000,03.03  11:49,판매중,N,정보 없음
콘서트,세븐틴,세븐틴 2025 - 인천,03.21  18:30,E1,7,플로어석 (Floor),R,800000,02.28  00:07,판매중,N,판매자가 입장 도움
콘서트,세븐틴,세븐틴 2025 - 인천,03.20  18:30,S8,9,2층 (2F),S,800000,02.27  23:37,판매중,N,판매자가 입장 도움
콘서트,세븐틴,세븐틴 2025 - 인천,03.21  18:30,F10,4,플로어석 (Floor),R,800000,02.27  11:53,판매중,N,정보 없음
콘서트,세븐틴,세븐틴 2025 - 인천,03.20  18:30,F11,18,플로어석 (Floor),R,800000,02.27  09:57,판매중,N,판매자가 입장 도움
콘서트,세븐틴,세븐틴 2025 - 인천,03.21  18:30,E14,8,2층 (2F),R,800000,02.26  16:43,판매중,N,정보 없음
콘서트,세븐틴,세븐틴 2025 - 인천,03.21  18:30,F7,15,플로어석 (Floor),R,800000,02.26  03:24,판매중,N,정보 없음
콘서트,세븐틴,세븐틴 2025 - 인천,03.21  18:30,F14,21,플로어석 (Floor),R,800000,02.25  15:48,판매중,N,정보 없음
콘서트,세븐틴,세븐틴 2025 - 인천,03.21  18:30,E19,6,2층 (2F),R,800000,02.25  12:04,판매중,N,판매자가 입장 도움
콘서트,세븐틴,세븐틴 2025 - 인천,03.20  18:30,S7,2,2층 (2F),S,800000,02.24  21:05,판매중,N,정보 없음
콘서트,세븐틴,세븐틴 2025 - 인천,03.21  18:30,E1,14,2층 (2F),R,800000,02.24  21:05,판매중,N,정보 없음
콘서트,세븐틴,세븐틴 2025 - 인천,03.21  18:30,E16,6,2층 (2F),R,800000,02.23  22:20,판매중,N,정보 없음
콘서트,세븐틴,세븐틴 2025 - 인천,03.21  18:30,N1,13,2층 (2F),S,800000,02.23  22:18,판매중,N,판매자가 입장 도움
콘서트,세븐틴,세븐틴 2025 - 인천,03.20  18:30,F2,13,플로어석 (Floor),R,800000,02.23  14:20,판매중,N,판매자가 입장 도움
콘서트,세븐틴,세븐틴 2025 - 인천,03.21  18:30,E15,1,플로어석 (Floor),R,800000,02.23  00:28,판매중,N,정보 없음
콘서트,세븐틴,세븐틴 2025 - 인천,03.20  18:30,F8,17,플로어석 (Floor),R,800000,02.22  17:50,판매중,N,정보 없음
콘서트,세븐틴,세븐틴 2025 - 인천,03.21  18:30,F11,23,플로어석 (Floor),R,800000,02.22  09:49,판매중,N,정보 없음
콘서트,세븐틴,세븐틴 2025 - 인천,03.21  18:30,E13,7,2층 (2F),R,800000,02.22  03:44,판매중,N,정보 없음
콘서트,세븐틴,세븐틴 2025 - 인천,03.20  18:30,E13,14,2층 (2F),R,800000,02.21  23:03,판매중,N,판매자가 입장 도움
콘서트,세븐틴,세븐틴 2025 - 인천,03.20  18:30,F2,23,플로어석 (Floor),R,800000,02.21  22:05,판매중,N,정보 없음
콘서트,세븐틴,세븐틴 2025 - 인천,03.20  18:30,E15,13,2층 (2F),R,800000,02.21  21:53,판매중,N,정보 없음
콘서트,세븐틴,세븐틴 2025 - 인천,03.21  18:30,F2,13,플로어석 (Floor),R,800000,02.21  21:32,판매중,N,정보 없음
콘서트,세븐틴,세븐틴 2025 - 인천,03.21  18:30,F11,29,플로어석 (Floor),R,800000,02.21  21:23,판매중,N,정보 없음
콘서트,세븐틴,세븐틴 2025 - 인천,03.20  18:30,F2,13,플로어석 (Floor),R,800000,02.21  21:18,판매중,N,판매자가 입장 도움
콘서트,세븐틴,세븐틴 2025 - 인천,03.21  18:30,E3,11,2층 (2F),R,800000,02.21  20:45,판매중,N,정보 없음
콘서트,세븐틴,세븐틴 2025 - 인천,03.21  18:30,E16,5열,2층 (2F),R,800000,02.21  20:19,판매중,N,판매자가 입장 도움
콘서트,세븐틴,세븐틴 2025 - 인천,03.21  18:30,F15,17,플로어석 (Floor),R,800000,02.21  20:19,판매중,N,정보 없음
콘서트,세븐틴,세븐틴 2025 - 인천,03.21  18:30,E3,12,2층 (2F),R,800000,02.21  20:14,판매중,N,정보 없음
콘서트,세븐틴,세븐틴 2025 - 인천,03.20  18:30,F10,30,플로어석 (Floor),R,850000,03.08  00:50,판매중,N,정보 없음
콘서트,세븐틴,세븐틴 2025 - 인천,03.20  18:30,F7,19,플로어석 (Floor),R,850000,03.06  14:01,판매중,N,여성명의
콘서트,세븐틴,세븐틴 2025 - 인천,03.20  18:30,S7,1,2층 (2F),S,850000,03.02  19:07,판매중,N,정보 없음
콘서트,세븐틴,세븐틴 2025 - 인천,03.21  18:30,E11,6,2층 (2F),R,850000,02.28  23:37,판매중,N,정보 없음
콘서트,세븐틴,세븐틴 2025 - 인천,03.20  18:30,E3,돌출 토롯코명당,2층 (2F),R,850000,02.25  21:23,판매중,N,정보 없음
콘서트,세븐틴,세븐틴 2025 - 인천,03.20  18:30,F7,12,플로어석 (Floor),R,850000,02.25  11:16,판매중,N,판매자가 입장 도움
콘서트,세븐틴,세븐틴 2025 - 인천,03.21  18:30,E20,2,2층 (2F),R,850000,02.24  20:24,판매중,N,정보 없음
콘서트,세븐틴,세븐틴 2025 - 인천,03.20  18:30,F7,11,플로어석 (Floor),R,850000,02.24  01:33,판매중,N,정보 없음
콘서트,세븐틴,세븐틴 2025 - 인천,03.20  18:30,E1,1,2층 (2F),R,850000,02.23  21:33,판매중,N,정보 없음
콘서트,세븐틴,세븐틴 2025 - 인천,03.21  18:30,F15,20,플로어석 (Floor),R,850000,02.23  01:18,판매중,N,여성명의
콘서트,세븐틴,세븐틴 2025 - 인천,03.21  18:30,F7,11,플로어석 (Floor),R,850000,02.22  14:21,판매중,N,판매자가 입장 도움
콘서트,세븐틴,세븐틴 2025 - 인천,03.21  18:30,E12,14,2층 (2F),R,850000,02.21  22:14,판매중,N,정보 없음
콘서트,세븐틴,세븐틴 2025 - 인천,03.21  18:30,F15,29,플로어석 (Floor),R,850000,02.21  21:57,판매중,N,정보 없음
콘서트,세븐틴,세븐틴 2025 - 인천,03.20  18:30,F2,9,플로어석 (Floor),R,870000,03.01  15:23,판매중,N,정보 없음
콘서트,세븐틴,세븐틴 2025 - 인천,03.21  18:30,F15,23,플로어석 (Floor),R,880000,03.07  02:14,판매중,N,정보 없음
콘서트,세븐틴,세븐틴 2025 - 인천,03.20  18:30,F2,9,플로어석 (Floor),R,880000,02.26  19:48,판매중,N,정보 없음
콘서트,세븐틴,세븐틴 2025 - 인천,03.21  18:30,F11,13,플로어석 (Floor),R,880000,02.21  21:23,판매중,N,정보 없음
콘서트,세븐틴,세븐틴 2025 - 인천,03.20  18:30,F12,23,플로어석 (Floor),R,890000,02.21  21:17,판매중,N,정보 없음
콘서트,세븐틴,세븐틴 2025 - 인천,03.20  18:30,F14,9,플로어석 (Floor),R,900000,03.06  20:22,판매중,N,판매자가 입장 도움
콘서트,세븐틴,세븐틴 2025 - 인천,03.20  18:30,F7,12,플로어석 (Floor),R,900000,03.06  17:13,판매중,N,정보 없음
콘서트,세븐틴,세븐틴 2025 - 인천,03.20  18:30,F2,12,플로어석 (Floor),R,900000,03.06  17:09,판매중,N,정보 없음
콘서트,세븐틴,세븐틴 2025 - 인천,03.20  18:30,E1,9,2층 (2F),R,900000,03.06  14:17,판매중,N,판매자가 입장 도움
콘서트,세븐틴,세븐틴 2025 - 인천,03.21  18:30,F9,20,플로어석 (Floor),R,900000,03.05  17:30,판매중,N,판매자가 입장 도움
콘서트,세븐틴,세븐틴 2025 - 인천,03.21  18:30,E26,1,2층 (2F),R,900000,03.05  11:34,판매중,N,정보 없음
콘서트,세븐틴,세븐틴 2025 - 인천,03.20  18:30,N5,1,2층 (2F),S,900000,03.01  23:26,판매중,N,정보 없음
콘서트,세븐틴,세븐틴 2025 - 인천,03.20  18:30,F7,11,플로어석 (Floor),R,900000,02.28  23:58,판매중,N,정보 없음
콘서트,세븐틴,세븐틴 2025 - 인천,03.21  18:30,F11,22열,플로어석 (Floor),R,900000,02.27  18:40,판매중,N,판매자가 입장 도움
콘서트,세븐틴,세븐틴 2025 - 인천,03.21  18:30,F15,30,플로어석 (Floor),R,900000,02.27  16:29,판매중,N,정보 없음
콘서트,세븐틴,세븐틴 2025 - 인천,03.21  18:30,F7,10,플로어석 (Floor),R,900000,02.26  21:15,판매중,N,정보 없음
콘서트,세븐틴,세븐틴 2025 - 인천,03.21  18:30,F15,26,플로어석 (Floor),R,900000,02.25  21:58,판매중,N,정보 없음
콘서트,세븐틴,세븐틴 2025 - 인천,03.20  18:30,F2,11,플로어석 (Floor),R,900000,02.25  16:42,판매중,N,정보 없음
콘서트,세븐틴,세븐틴 2025 - 인천,03.21  18:30,E2,4,2층 (2F),R,900000,02.25  14:10,판매중,N,판매자가 입장 도움
콘서트,세븐틴,세븐틴 2025 - 인천,03.20  18:30,Play＆Stay 미,여의도글래드,Play＆Stay,Play&Stay,900000,02.25  00:13,판매중,Y,정보 없음
콘서트,세븐틴,세븐틴 2025 - 인천,03.21  18:30,F14,18,플로어석 (Floor),R,900000,02.24  21:17,판매중,N,판매자가 입장 도움
콘서트,세븐틴,세븐틴 2025 - 인천,03.20  18:30,E16,3,2층 (2F),R,900000,02.24  20:43,판매중,N,판매자가 입장 도움
콘서트,세븐틴,세븐틴 2025 - 인천,03.20  18:30,E1,3,2층 (2F),R,900000,02.24  20:18,판매중,N,판매자가 입장 도움
콘서트,세븐틴,세븐틴 2025 - 인천,03.21  18:30,E13,E12방향 8,2층 (2F),R,900000,02.24  20:14,판매중,N,정보 없음
콘서트,세븐틴,세븐틴 2025 - 인천,03.20  18:30,F15,10,플로어석 (Floor),R,900000,02.23  01:30,판매중,N,정보 없음
콘서트,세븐틴,세븐틴 2025 - 인천,03.21  18:30,E19,사진O 6,2층 (2F),R,900000,02.22  19:04,판매중,N,판매자가 입장 도움
콘서트,세븐틴,세븐틴 2025 - 인천,03.21  18:30,E3,7,2층 (2F),R,900000,02.22  17:53,판매중,N,판매자가 입장 도움
콘서트,세븐틴,세븐틴 2025 - 인천,03.21  18:30,E2,2,2층 (2F),R,900000,02.22  13:39,판매중,N,판매자가 입장 도움
콘서트,세븐틴,세븐틴 2025 - 인천,03.21  18:30,E12,3,2층 (2F),R,900000,02.22  00:26,판매중,N,정보 없음
콘서트,세븐틴,세븐틴 2025 - 인천,03.21  18:30,F14,21,플로어석 (Floor),R,900000,02.21  22:29,판매중,N,정보 없음
콘서트,세븐틴,세븐틴 2025 - 인천,03.20  18:30,F2,22,플로어석 (Floor),R,900000,02.21  22:29,판매중,N,정보 없음
콘서트,세븐틴,세븐틴 2025 - 인천,03.20  18:30,S6,1,2층 (2F),S,900000,02.21  22:16,판매중,N,정보 없음
콘서트,세븐틴,세븐틴 2025 - 인천,03.21  18:30,E3,6,2층 (2F),S,900000,02.21  22:08,판매중,N,판매자가 입장 도움
콘서트,세븐틴,세븐틴 2025 - 인천,03.20  18:30,F12,21,플로어석 (Floor),R,900000,02.21  21:34,판매중,N,정보 없음
콘서트,세븐틴,세븐틴 2025 - 인천,03.20  18:30,F14,32,플로어석 (Floor),R,900000,02.21  21:23,판매중,N,정보 없음
콘서트,세븐틴,세븐틴 2025 - 인천,03.21  18:30,F9,27,플로어석 (Floor),R,900000,02.21  21:01,판매중,N,정보 없음
콘서트,세븐틴,세븐틴 2025 - 인천,03.21  18:30,F15,16,플로어석 (Floor),R,900000,02.21  20:48,판매중,N,판매자가 입장 도움
콘서트,세븐틴,세븐틴 2025 - 인천,03.21  18:30,F14,17,플로어석 (Floor),R,900000,02.21  20:22,판매중,N,판매자가 입장 도움
콘서트,세븐틴,세븐틴 2025 - 인천,03.21  18:30,F14,13,플로어석 (Floor),R,900000,02.21  20:05,판매중,N,정보 없음
콘서트,세븐틴,세븐틴 2025 - 인천,03.20  18:30,F2,6,플로어석 (Floor),R,940000,02.24  20:13,판매중,N,판매자가 입장 도움
콘서트,세븐틴,세븐틴 2025 - 인천,03.21  18:30,E13,3,2층 (2F),R,950000,03.08  03:01,판매중,N,정보 없음
콘서트,세븐틴,세븐틴 2025 - 인천,03.20  18:30,F3,19,플로어석 (Floor),R,950000,03.07  11:22,판매중,N,정보 없음
콘서트,세븐틴,세븐틴 2025 - 인천,03.20  18:30,F3,2n,플로어석 (Floor),R,950000,02.24  20:51,판매중,N,정보 없음
콘서트,세븐틴,세븐틴 2025 - 인천,03.20  18:30,F11,17,플로어석 (Floor),R,950000,02.24  20:48,판매중,N,정보 없음
콘서트,세븐틴,세븐틴 2025 - 인천,03.21  18:30,F7,15,플로어석 (Floor),R,950000,02.23  10:44,판매중,N,정보 없음
콘서트,세븐틴,세븐틴 2025 - 인천,03.21  18:30,F15,15,플로어석 (Floor),R,950000,02.22  18:28,판매중,N,정보 없음
콘서트,세븐틴,세븐틴 2025 - 인천,03.20  18:30,F2,18,플로어석 (Floor),R,950000,02.22  18:17,판매중,N,정보 없음
콘서트,세븐틴,세븐틴 2025 - 인천,03.21  18:30,N1,1,2층 (2F),S,950000,02.22  18:11,판매중,N,정보 없음
콘서트,세븐틴,세븐틴 2025 - 인천,03.20  18:30,F14,13,플로어석 (Floor),R,950000,02.21  22:32,판매중,N,정보 없음
콘서트,세븐틴,세븐틴 2025 - 인천,03.20  18:30,F6,22,플로어석 (Floor),R,950000,02.21  21:55,판매중,N,예매처 ID로 상품 전달
콘서트,세븐틴,세븐틴 2025 - 인천,03.20  18:30,F14,8,플로어석 (Floor),R,990000,02.26  19:50,판매중,N,정보 없음
콘서트,세븐틴,세븐틴 2025 - 인천,03.21  18:30,F14,16,플로어석 (Floor),R,990000,02.25  21:00,판매중,N,정보 없음
콘서트,세븐틴,세븐틴 2025 - 인천,03.20  18:30,E17,9,2층 (2F),R,990000,02.24  20:18,판매중,N,정보 없음
콘서트,세븐틴,세븐틴 2025 - 인천,03.20  18:30,F14,23,플로어석 (Floor),R,990000,02.21  20:42,판매중,N,정보 없음
콘서트,세븐틴,세븐틴 2025 - 인천,03.20  18:30,F14,27,플로어석 (Floor),R,990000,02.21  20:33,판매중,N,정보 없음
콘서트,세븐틴,세븐틴 2025 - 인천,03.20  18:30,F14,22,플로어석 (Floor),R,999000,02.24  20:24,판매중,N,판매자가 입장 도움
콘서트,세븐틴,세븐틴 2025 - 인천,03.20  18:30,F14,15,플로어석 (Floor),R,1000000,03.08  17:46,판매중,N,정보 없음
콘서트,세븐틴,세븐틴 2025 - 인천,03.21  18:30,E3,14,2층 (2F),R,1000000,03.07  18:26,판매중,N,정보 없음
콘서트,세븐틴,세븐틴 2025 - 인천,03.20  18:30,F3,22,플로어석 (Floor),R,1000000,03.06  21:20,판매중,N,정보 없음
콘서트,세븐틴,세븐틴 2025 - 인천,03.20  18:30,Play＆Stay 미,미정,Play＆Stay,Play&Stay,1000000,03.06  10:56,판매중,N,판매자가 입장 도움
콘서트,세븐틴,세븐틴 2025 - 인천,03.21  18:30,F2,7,플로어석 (Floor),R,1000000,03.05  14:49,판매중,N,예매처 ID로 상품 전달
콘서트,세븐틴,세븐틴 2025 - 인천,03.20  18:30,E11,3,2층 (2F),R,1000000,03.03  14:16,판매중,N,정보 없음
콘서트,세븐틴,세븐틴 2025 - 인천,03.21  18:30,F2,10,플로어석 (Floor),R,1000000,03.02  14:45,판매중,N,정보 없음
콘서트,세븐틴,세븐틴 2025 - 인천,03.20  18:30,E26,9,2층 (2F),R,1000000,03.01  23:48,판매중,N,정보 없음
콘서트,세븐틴,세븐틴 2025 - 인천,03.21  18:30,Play＆Stay 미,보코명동,Play＆Stay,Play&Stay,1000000,02.28  13:35,판매중,N,정보 없음
콘서트,세븐틴,세븐틴 2025 - 인천,03.20  18:30,F3,14,플로어석 (Floor),R,1000000,02.27  10:55,판매중,N,정보 없음
콘서트,세븐틴,세븐틴 2025 - 인천,03.21  18:30,E24,2,2층 (2F),R,1000000,02.27  01:53,판매중,N,판매자가 입장 도움
콘서트,세븐틴,세븐틴 2025 - 인천,03.21  18:30,F13,20,플로어석 (Floor),R,1000000,02.26  23:24,판매중,N,정보 없음
콘서트,세븐틴,세븐틴 2025 - 인천,03.21  18:30,F15,27,플로어석 (Floor),R,1000000,02.26  21:37,판매중,N,정보 없음
콘서트,세븐틴,세븐틴 2025 - 인천,03.21  18:30,N1,1,2층 (2F),S,1000000,02.26  15:59,판매중,N,판매자가 입장 도움
콘서트,세븐틴,세븐틴 2025 - 인천,03.21  18:30,F15,7,플로어석 (Floor),R,1000000,02.26  10:26,판매중,N,판매자가 입장 도움
콘서트,세븐틴,세븐틴 2025 - 인천,03.21  18:30,F2,6,플로어석 (Floor),R,1000000,02.25  21:38,판매중,N,정보 없음
콘서트,세븐틴,세븐틴 2025 - 인천,03.21  18:30,Play＆Stay 미,서울 엠갤러리,플로어석 (Floor),Play&Stay,1000000,02.25  15:10,판매중,Y,정보 없음
콘서트,세븐틴,세븐틴 2025 - 인천,03.21  18:30,N1,2,2층 (2F),S,1000000,02.25  14:22,판매중,N,판매자가 입장 도움
콘서트,세븐틴,세븐틴 2025 - 인천,03.21  18:30,E2,3,2층 (2F),R,1000000,02.25  14:11,판매중,N,판매자가 입장 도움
콘서트,세븐틴,세븐틴 2025 - 인천,03.20  18:30,N1,2,2층 (2F),S,1000000,02.25  13:57,판매중,N,판매자가 입장 도움
콘서트,세븐틴,세븐틴 2025 - 인천,03.20  18:30,E27,1,2층 (2F),R,1000000,02.24  20:27,판매중,N,정보 없음
콘서트,세븐틴,세븐틴 2025 - 인천,03.21  18:30,E26,1,2층 (2F),R,1000000,02.24  20:24,판매중,N,정보 없음
콘서트,세븐틴,세븐틴 2025 - 인천,03.20  18:30,F16,28,플로어석 (Floor),R,1000000,02.24  19:09,판매중,N,판매자가 입장 도움
콘서트,세븐틴,세븐틴 2025 - 인천,03.21  18:30,F14,15,플로어석 (Floor),R,1000000,02.24  14:16,판매중,N,판매자가 입장 도움
콘서트,세븐틴,세븐틴 2025 - 인천,03.20  18:30,E20,1,2층 (2F),R,1000000,02.24  00:35,판매중,N,정보 없음
콘서트,세븐틴,세븐틴 2025 - 인천,03.20  18:30,Play＆Stay 미,미지정,Play＆Stay,Play&Stay,1000000,02.23  19:07,판매중,Y,판매자가 입장 도움
콘서트,세븐틴,세븐틴 2025 - 인천,03.21  18:30,E26,사진O 3,2층 (2F),R,1000000,02.23  10:29,판매중,N,판매자가 입장 도움
콘서트,세븐틴,세븐틴 2025 - 인천,03.20  18:30,F14,15,플로어석 (Floor),R,1000000,02.23  02:00,판매중,N,판매자가 입장 도움
콘서트,세븐틴,세븐틴 2025 - 인천,03.20  18:30,E14,5_15,2층 (2F),R,1000000,02.22  23:45,판매중,N,예매처 ID로 상품 전달
콘서트,세븐틴,세븐틴 2025 - 인천,03.21  18:30,Play＆Stay 미,R석 연석,Play＆Stay,Play&Stay,1000000,02.22  12:27,판매중,Y,정보 없음
콘서트,세븐틴,세븐틴 2025 - 인천,03.20  18:30,Play＆Stay 미,미정,Play＆Stay,Play&Stay,1000000,02.22  12:14,판매중,Y,판매자가 입장 도움
콘서트,세븐틴,세븐틴 2025 - 인천,03.21  18:30,F8,2n열 토롯코 앞,플로어석 (Floor),R,1000000,02.22  08:09,판매중,N,정보 없음
콘서트,세븐틴,세븐틴 2025 - 인천,03.21  18:30,E1,3,2층 (2F),R,1000000,02.22  03:42,판매중,N,정보 없음
콘서트,세븐틴,세븐틴 2025 - 인천,03.20  18:30,F15,30,플로어석 (Floor),R,1000000,02.22  00:22,판매중,N,정보 없음
콘서트,세븐틴,세븐틴 2025 - 인천,03.20  18:30,F7,13,플로어석 (Floor),R,1000000,02.21  22:57,판매중,N,정보 없음
콘서트,세븐틴,세븐틴 2025 - 인천,03.20  18:30,F7,9,플로어석 (Floor),R,1000000,02.21  22:56,판매중,N,정보 없음
콘서트,세븐틴,세븐틴 2025 - 인천,03.20  18:30,F7,8,플로어석 (Floor),R,1000000,02.21  22:56,판매중,N,정보 없음
콘서트,세븐틴,세븐틴 2025 - 인천,03.21  18:30,E3,12,2층 (2F),R,1000000,02.21  22:30,판매중,N,정보 없음
콘서트,세븐틴,세븐틴 2025 - 인천,03.21  18:30,E13,14,2층 (2F),R,1000000,02.21  21:36,판매중,N,정보 없음
콘서트,세븐틴,세븐틴 2025 - 인천,03.21  18:30,N4,14,2층 (2F),S,1000000,02.21  21:16,판매중,N,정보 없음
콘서트,세븐틴,세븐틴 2025 - 인천,03.21  18:30,S6,3,2층 (2F),S,1000000,02.21  21:10,판매중,N,정보 없음
콘서트,세븐틴,세븐틴 2025 - 인천,03.20  18:30,F2,11,플로어석 (Floor),R,1000000,02.21  20:52,판매중,N,정보 없음
콘서트,세븐틴,세븐틴 2025 - 인천,03.20  18:30,F7,14,플로어석 (Floor),R,1000000,02.21  20:48,판매중,N,정보 없음
콘서트,세븐틴,세븐틴 2025 - 인천,03.20  18:30,F14,8,플로어석 (Floor),R,1000000,02.21  20:36,판매중,N,정보 없음
콘서트,세븐틴,세븐틴 2025 - 인천,03.21  18:30,E3,8,2층 (2F),R,1000000,02.21  20:35,판매중,N,정보 없음
콘서트,세븐틴,세븐틴 2025 - 인천,03.21  18:30,F7,10,플로어석 (Floor),R,1000000,02.21  20:32,판매중,N,정보 없음
콘서트,세븐틴,세븐틴 2025 - 인천,03.21  18:30,E11,4,2층 (2F),R,1000000,02.21  20:19,판매중,N,정보 없음
콘서트,세븐틴,세븐틴 2025 - 인천,03.21  18:30,F7,13,플로어석 (Floor),R,1000000,02.21  20:18,판매중,N,정보 없음
콘서트,세븐틴,세븐틴 2025 - 인천,03.21  18:30,F6,15열,플로어석 (Floor),R,1050000,03.05  20:38,판매중,N,예매처 ID로 상품 전달
콘서트,세븐틴,세븐틴 2025 - 인천,03.21  18:30,E13,2,2층 (2F),R,1090000,02.26  07:40,판매중,N,정보 없음
콘서트,세븐틴,세븐틴 2025 - 인천,03.21  18:30,F2,22,플로어석 (Floor),R,1100000,03.06  23:06,판매중,N,정보 없음
콘서트,세븐틴,세븐틴 2025 - 인천,03.20  18:30,E11,14,2층 (2F),R,1100000,03.06  22:43,판매중,N,판매자가 입장 도움
콘서트,세븐틴,세븐틴 2025 - 인천,03.21  18:30,F2,20,플로어석 (Floor),R,1100000,03.05  16:07,판매중,N,정보 없음
콘서트,세븐틴,세븐틴 2025 - 인천,03.21  18:30,F10,5,플로어석 (Floor),R,1100000,03.02  18:20,판매중,N,판매자가 입장 도움
콘서트,세븐틴,세븐틴 2025 - 인천,03.20  18:30,E11,11,2층 (2F),R,1100000,03.02  09:30,판매중,N,여성명의
콘서트,세븐틴,세븐틴 2025 - 인천,03.21  18:30,E13,1,2층 (2F),R,1100000,02.28  10:07,판매중,N,판매자가 입장 도움
콘서트,세븐틴,세븐틴 2025 - 인천,03.21  18:30,E4,6,2층 (2F),R,1100000,02.28  08:49,판매중,N,정보 없음
콘서트,세븐틴,세븐틴 2025 - 인천,03.21  18:30,F15,8,플로어석 (Floor),R,1100000,02.27  17:42,판매중,N,정보 없음
콘서트,세븐틴,세븐틴 2025 - 인천,03.21  18:30,F14,16,플로어석 (Floor),R,1100000,02.27  17:40,판매중,N,정보 없음
콘서트,세븐틴,세븐틴 2025 - 인천,03.21  18:30,E2,8열 우블,2층 (2F),R,1100000,02.26  20:34,판매중,N,판매자가 입장 도움
콘서트,세븐틴,세븐틴 2025 - 인천,03.20  18:30,F6,18,플로어석 (Floor),R,1100000,02.26  15:05,판매중,N,정보 없음
콘서트,세븐틴,세븐틴 2025 - 인천,03.20  18:30,F6,18,플로어석 (Floor),R,1100000,02.26  15:05,판매중,N,정보 없음
콘서트,세븐틴,세븐틴 2025 - 인천,03.20  18:30,F11,21,플로어석 (Floor),R,1100000,02.24  21:54,판매중,N,판매자가 입장 도움
콘서트,세븐틴,세븐틴 2025 - 인천,03.21  18:30,F11,5,플로어석 (Floor),R,1100000,02.24  01:29,판매중,N,여성명의
콘서트,세븐틴,세븐틴 2025 - 인천,03.20  18:30,Play＆Stay 미,미지정,Play＆Stay,Play&Stay,1100000,02.23  19:05,판매중,Y,판매자가 입장 도움
콘서트,세븐틴,세븐틴 2025 - 인천,03.21  18:30,F14,16,플로어석 (Floor),R,1100000,02.22  12:04,판매중,N,정보 없음
콘서트,세븐틴,세븐틴 2025 - 인천,03.21  18:30,F10,23,플로어석 (Floor),R,1100000,02.21  22:44,판매중,N,정보 없음
콘서트,세븐틴,세븐틴 2025 - 인천,03.20  18:30,F13,19,플로어석 (Floor),R,1100000,02.21  22:12,판매중,N,정보 없음
콘서트,세븐틴,세븐틴 2025 - 인천,03.21  18:30,F7,22,플로어석 (Floor),R,1100000,02.21  22:00,판매중,N,정보 없음
콘서트,세븐틴,세븐틴 2025 - 인천,03.21  18:30,F12,16,플로어석 (Floor),R,1100000,02.21  21:27,판매중,N,정보 없음
콘서트,세븐틴,세븐틴 2025 - 인천,03.21  18:30,E12,14,2층 (2F),R,1100000,02.21  21:11,판매중,N,정보 없음
콘서트,세븐틴,세븐틴 2025 - 인천,03.21  18:30,E11,12,2층 (2F),R,1100000,02.21  20:56,판매중,N,판매자가 입장 도움
콘서트,세븐틴,세븐틴 2025 - 인천,03.20  18:30,E11,2,2층 (2F),R,1100000,02.21  20:35,판매중,N,정보 없음
콘서트,세븐틴,세븐틴 2025 - 인천,03.21  18:30,F7,8,플로어석 (Floor),R,1100000,02.21  20:17,판매중,N,판매자가 입장 도움
콘서트,세븐틴,세븐틴 2025 - 인천,03.21  18:30,F7,21,플로어석 (Floor),R,1100000,02.21  20:17,판매중,N,판매자가 입장 도움
콘서트,세븐틴,세븐틴 2025 - 인천,03.21  18:30,Play＆Stay 미,random,Play＆Stay,R,1113000,02.28  13:29,판매중,N,정보 없음
콘서트,세븐틴,세븐틴 2025 - 인천,03.21  18:30,Play＆Stay 미,random,Play＆Stay,R,1113000,02.27  19:48,판매중,N,정보 없음
콘서트,세븐틴,세븐틴 2025 - 인천,03.21  18:30,F14,17,플로어석 (Floor),R,1150000,03.08  01:23,판매중,N,판매자가 입장 도움
콘서트,세븐틴,세븐틴 2025 - 인천,03.21  18:30,F11,14,플로어석 (Floor),R,1150000,03.08  01:18,판매중,N,판매자가 입장 도움
콘서트,세븐틴,세븐틴 2025 - 인천,03.21  18:30,F2,16,플로어석 (Floor),R,1150000,03.01  00:04,판매중,N,정보 없음
콘서트,세븐틴,세븐틴 2025 - 인천,03.21  18:30,F15,11,플로어석 (Floor),R,1150000,02.26  22:00,판매중,N,정보 없음
콘서트,세븐틴,세븐틴 2025 - 인천,03.21  18:30,F15,8,플로어석 (Floor),R,1150000,02.26  21:51,판매중,N,정보 없음
콘서트,세븐틴,세븐틴 2025 - 인천,03.20  18:30,F12,23,플로어석 (Floor),R,1150000,02.24  19:25,판매중,N,정보 없음
콘서트,세븐틴,세븐틴 2025 - 인천,03.20  18:30,F11,10,플로어석 (Floor),R,1150000,02.23  04:18,판매중,N,판매자가 입장 도움
콘서트,세븐틴,세븐틴 2025 - 인천,03.21  18:30,E12,3,2층 (2F),R,1150000,02.21  20:37,판매중,N,정보 없음
콘서트,세븐틴,세븐틴 2025 - 인천,03.21  18:30,E20,3,2층 (2F),R,1170000,02.21  21:59,판매중,Y,판매자가 입장 도움
콘서트,세븐틴,세븐틴 2025 - 인천,03.21  18:30,E26,10,2층 (2F),R,1180000,02.26  23:03,판매중,Y,판매자가 입장 도움
콘서트,세븐틴,세븐틴 2025 - 인천,03.20  18:30,F11,5,플로어석 (Floor),R,1190000,02.21  23:05,판매중,N,판매자가 입장 도움
콘서트,세븐틴,세븐틴 2025 - 인천,03.21  18:30,F11,14,플로어석 (Floor),R,1190000,02.21  20:23,판매중,N,정보 없음
콘서트,세븐틴,세븐틴 2025 - 인천,03.21  18:30,F15,실질2열이내 6,플로어석 (Floor),R,1190000,02.21  20:11,판매중,N,판매자가 입장 도움
콘서트,세븐틴,세븐틴 2025 - 인천,03.20  18:30,F6,11,플로어석 (Floor),R,1200000,03.07  20:01,판매중,N,판매자가 입장 도움
콘서트,세븐틴,세븐틴 2025 - 인천,03.20  18:30,F12,14,플로어석 (Floor),R,1200000,03.07  19:57,판매중,N,정보 없음
콘서트,세븐틴,세븐틴 2025 - 인천,03.21  18:30,F11,1n,플로어석 (Floor),R,1200000,03.06  23:08,판매중,N,정보 없음
콘서트,세븐틴,세븐틴 2025 - 인천,03.21  18:30,E12,11,2층 (2F),R,1200000,03.06  00:56,판매중,N,여성명의
콘서트,세븐틴,세븐틴 2025 - 인천,03.20  18:30,F13,18,플로어석 (Floor),R,1200000,03.05  19:12,판매중,N,정보 없음
콘서트,세븐틴,세븐틴 2025 - 인천,03.21  18:30,E3,3,2층 (2F),R,1200000,03.01  23:27,판매중,N,판매자가 입장 도움
콘서트,세븐틴,세븐틴 2025 - 인천,03.21  18:30,E12,1,2층 (2F),R,1200000,02.28  23:37,판매중,N,판매자가 입장 도움
콘서트,세븐틴,세븐틴 2025 - 인천,03.21  18:30,E11,1,2층 (2F),R,1200000,02.28  23:36,판매중,N,판매자가 입장 도움
콘서트,세븐틴,세븐틴 2025 - 인천,03.21  18:30,E3,1,2층 (2F),R,1200000,02.28  23:34,판매중,N,판매자가 입장 도움
콘서트,세븐틴,세븐틴 2025 - 인천,03.21  18:30,E3,1,2층 (2F),R,1200000,02.28  23:34,판매중,N,판매자가 입장 도움
콘서트,세븐틴,세븐틴 2025 - 인천,03.20  18:30,E13,1,2층 (2F),R,1200000,02.28  23:16,판매중,N,정보 없음
콘서트,세븐틴,세븐틴 2025 - 인천,03.20  18:30,E12,1,2층 (2F),R,1200000,02.28  23:15,판매중,N,판매자가 입장 도움
콘서트,세븐틴,세븐틴 2025 - 인천,03.20  18:30,E11,1,2층 (2F),R,1200000,02.28  23:14,판매중,N,판매자가 입장 도움
콘서트,세븐틴,세븐틴 2025 - 인천,03.20  18:30,E4,1,2층 (2F),R,1200000,02.28  23:14,판매중,N,판매자가 입장 도움
콘서트,세븐틴,세븐틴 2025 - 인천,03.21  18:30,F14,1n 사진o,플로어석 (Floor),R,1200000,02.26  12:46,판매중,N,정보 없음
콘서트,세븐틴,세븐틴 2025 - 인천,03.21  18:30,E29,11,2층 (2F),R,1200000,02.26  11:40,판매중,N,정보 없음
콘서트,세븐틴,세븐틴 2025 - 인천,03.20  18:30,E2,14,2층 (2F),R,1200000,02.26  11:37,판매중,N,정보 없음
콘서트,세븐틴,세븐틴 2025 - 인천,03.21  18:30,F6,14,플로어석 (Floor),R,1200000,02.26  10:24,판매중,N,정보 없음
콘서트,세븐틴,세븐틴 2025 - 인천,03.21  18:30,E13,11 중앙무대통로석,2층 (2F),R,1200000,02.25  18:44,판매중,N,정보 없음
콘서트,세븐틴,세븐틴 2025 - 인천,03.21  18:30,E24,8,2층 (2F),R,1200000,02.25  12:18,판매중,N,판매자가 입장 도움
콘서트,세븐틴,세븐틴 2025 - 인천,03.20  18:30,F14,7,플로어석 (Floor),R,1200000,02.24  20:55,판매중,N,정보 없음
콘서트,세븐틴,세븐틴 2025 - 인천,03.20  18:30,F14,19,플로어석 (Floor),R,1200000,02.24  20:33,판매중,N,정보 없음
콘서트,세븐틴,세븐틴 2025 - 인천,03.21  18:30,Play＆Stay 미,미정,Play＆Stay,Play&Stay,1200000,02.24  20:30,판매중,Y,정보 없음
콘서트,세븐틴,세븐틴 2025 - 인천,03.21  18:30,F11,16,플로어석 (Floor),R,1200000,02.24  13:41,판매중,N,정보 없음
콘서트,세븐틴,세븐틴 2025 - 인천,03.20  18:30,F6,18,플로어석 (Floor),R,1200000,02.23  23:49,판매중,N,정보 없음
콘서트,세븐틴,세븐틴 2025 - 인천,03.20  18:30,F6,15,플로어석 (Floor),R,1200000,02.23  23:13,판매중,N,정보 없음
콘서트,세븐틴,세븐틴 2025 - 인천,03.21  18:30,F6,15,플로어석 (Floor),R,1200000,02.23  23:12,판매중,N,정보 없음
콘서트,세븐틴,세븐틴 2025 - 인천,03.20  18:30,E4,4,2층 (2F),R,1200000,02.23  21:32,판매중,N,정보 없음
콘서트,세븐틴,세븐틴 2025 - 인천,03.20  18:30,Play＆Stay 미,미지정,Play＆Stay,Play&Stay,1200000,02.23  19:06,판매중,Y,판매자가 입장 도움
콘서트,세븐틴,세븐틴 2025 - 인천,03.20  18:30,Play＆Stay 미,1열삘,Play＆Stay,Play&Stay,1200000,02.23  01:49,판매중,Y,판매자가 입장 도움
콘서트,세븐틴,세븐틴 2025 - 인천,03.21  18:30,F13,실질 10,플로어석 (Floor),R,1200000,02.23  01:30,판매중,N,판매자가 입장 도움
콘서트,세븐틴,세븐틴 2025 - 인천,03.20  18:30,F14,31,플로어석 (Floor),R,1200000,02.23  00:48,판매중,N,판매자가 입장 도움
콘서트,세븐틴,세븐틴 2025 - 인천,03.21  18:30,E1,1,2층 (2F),R,1200000,02.22  18:08,판매중,N,정보 없음
콘서트,세븐틴,세븐틴 2025 - 인천,03.20  18:30,Play＆Stay 미,미정,Play＆Stay,Play&Stay,1200000,02.22  12:14,판매중,Y,판매자가 입장 도움
콘서트,세븐틴,세븐틴 2025 - 인천,03.21  18:30,F11,23,플로어석 (Floor),R,1200000,02.22  11:58,판매중,N,정보 없음
콘서트,세븐틴,세븐틴 2025 - 인천,03.21  18:30,F2,14,플로어석 (Floor),R,1200000,02.22  01:57,판매중,N,정보 없음
콘서트,세븐틴,세븐틴 2025 - 인천,03.20  18:30,E11,3,2층 (2F),R,1200000,02.21  22:50,판매중,N,여성명의
콘서트,세븐틴,세븐틴 2025 - 인천,03.21  18:30,E24,1,2층 (2F),R,1200000,02.21  21:42,판매중,N,판매자가 입장 도움
콘서트,세븐틴,세븐틴 2025 - 인천,03.21  18:30,F12,14,플로어석 (Floor),R,1200000,02.21  21:33,판매중,N,정보 없음
콘서트,세븐틴,세븐틴 2025 - 인천,03.21  18:30,F13,20,플로어석 (Floor),R,1200000,02.21  21:15,판매중,N,정보 없음
콘서트,세븐틴,세븐틴 2025 - 인천,03.21  18:30,F2,13,플로어석 (Floor),R,1200000,02.21  20:50,판매중,N,판매자가 입장 도움
콘서트,세븐틴,세븐틴 2025 - 인천,03.21  18:30,F14,14,플로어석 (Floor),R,1200000,02.21  20:28,판매중,N,정보 없음
콘서트,세븐틴,세븐틴 2025 - 인천,03.21  18:30,E11,4,2층 (2F),R,1200000,02.21  20:27,판매중,N,여성명의
콘서트,세븐틴,세븐틴 2025 - 인천,03.21  18:30,F9,11열,플로어석 (Floor),R,1230000,02.26  21:54,판매중,N,정보 없음
콘서트,세븐틴,세븐틴 2025 - 인천,03.20  18:30,F6,6,플로어석 (Floor),R,1250000,03.06  12:19,판매중,N,정보 없음
콘서트,세븐틴,세븐틴 2025 - 인천,03.21  18:30,F6,7,플로어석 (Floor),R,1250000,03.05  19:01,판매중,N,정보 없음
콘서트,세븐틴,세븐틴 2025 - 인천,03.21  18:30,F15,2,플로어석 (Floor),R,1250000,03.05  03:01,판매중,N,정보 없음
콘서트,세븐틴,세븐틴 2025 - 인천,03.20  18:30,F14,6,플로어석 (Floor),R,1250000,03.01  15:07,판매중,N,판매자가 입장 도움
콘서트,세븐틴,세븐틴 2025 - 인천,03.21  18:30,E18,7,2층 (2F),R,1250000,02.26  23:01,판매중,Y,판매자가 입장 도움
콘서트,세븐틴,세븐틴 2025 - 인천,03.20  18:30,F6,13,플로어석 (Floor),R,1250000,02.21  22:01,판매중,N,예매처 ID로 상품 전달
콘서트,세븐틴,세븐틴 2025 - 인천,03.20  18:30,F3,20,플로어석 (Floor),R,1250000,02.21  21:58,판매중,N,예매처 ID로 상품 전달
콘서트,세븐틴,세븐틴 2025 - 인천,03.20  18:30,F14,6,플로어석 (Floor),R,1260000,03.01  15:08,판매중,N,정보 없음
콘서트,세븐틴,세븐틴 2025 - 인천,03.21  18:30,E11,8열 좌블,2층 (2F),R,1290000,02.26  20:36,판매중,N,판매자가 입장 도움
콘서트,세븐틴,세븐틴 2025 - 인천,03.21  18:30,E11,8열  좌블,2층 (2F),R,1290000,02.26  20:36,판매중,N,판매자가 입장 도움
콘서트,세븐틴,세븐틴 2025 - 인천,03.21  18:30,F14,2n,플로어석 (Floor),R,1290000,02.21  21:43,판매중,N,정보 없음
콘서트,세븐틴,세븐틴 2025 - 인천,03.21  18:30,F12,19,플로어석 (Floor),R,1299000,02.21  20:11,판매중,N,판매자가 입장 도움
콘서트,세븐틴,세븐틴 2025 - 인천,03.21  18:30,F6,10,플로어석 (Floor),R,1300000,03.07  11:40,판매중,N,정보 없음
콘서트,세븐틴,세븐틴 2025 - 인천,03.20  18:30,E13,1,플로어석 (Floor),R,1300000,03.05  19:37,판매중,N,정보 없음
콘서트,세븐틴,세븐틴 2025 - 인천,03.20  18:30,E12,1,2층 (2F),R,1300000,03.05  19:22,판매중,N,정보 없음
콘서트,세븐틴,세븐틴 2025 - 인천,03.20  18:30,E49,5,4층 (4F),S,1300000,03.05  13:36,판매중,N,판매자가 입장 도움
콘서트,세븐틴,세븐틴 2025 - 인천,03.20  18:30,F3,17,플로어석 (Floor),R,1300000,03.04  01:24,판매중,N,판매자가 입장 도움
콘서트,세븐틴,세븐틴 2025 - 인천,03.20  18:30,F14,23,플로어석 (Floor),R,1300000,03.03  20:18,판매중,N,정보 없음
콘서트,세븐틴,세븐틴 2025 - 인천,03.20  18:30,F13,22,플로어석 (Floor),R,1300000,03.03  12:50,판매중,N,여성명의
콘서트,세븐틴,세븐틴 2025 - 인천,03.20  18:30,F12,15,플로어석 (Floor),R,1300000,02.28  23:32,판매중,N,판매자가 입장 도움
콘서트,세븐틴,세븐틴 2025 - 인천,03.21  18:30,E3,5,플로어석 (Floor),R,1300000,02.27  23:01,판매중,N,판매자가 입장 도움
콘서트,세븐틴,세븐틴 2025 - 인천,03.21  18:30,E19,12,2층 (2F),R,1300000,02.26  22:58,판매중,Y,판매자가 입장 도움
콘서트,세븐틴,세븐틴 2025 - 인천,03.21  18:30,F2,17,플로어석 (Floor),R,1300000,02.26  11:39,판매중,N,정보 없음
콘서트,세븐틴,세븐틴 2025 - 인천,03.21  18:30,F15,1,플로어석 (Floor),R,1300000,02.25  14:25,판매중,N,판매자가 입장 도움
콘서트,세븐틴,세븐틴 2025 - 인천,03.21  18:30,F7,16,플로어석 (Floor),R,1300000,02.25  03:01,판매중,N,정보 없음
콘서트,세븐틴,세븐틴 2025 - 인천,03.21  18:30,F13,8,플로어석 (Floor),R,1300000,02.24  15:39,판매중,N,정보 없음
콘서트,세븐틴,세븐틴 2025 - 인천,03.20  18:30,E12,6,2층 (2F),R,1300000,02.23  18:09,판매중,N,정보 없음
콘서트,세븐틴,세븐틴 2025 - 인천,03.20  18:30,F2,9,플로어석 (Floor),R,1300000,02.22  15:28,판매중,N,판매자가 입장 도움
콘서트,세븐틴,세븐틴 2025 - 인천,03.21  18:30,F3,20,플로어석 (Floor),R,1300000,02.22  12:28,판매중,N,여성명의
콘서트,세븐틴,세븐틴 2025 - 인천,03.20  18:30,F13,21열 5번이내,플로어석 (Floor),R,1300000,02.22  05:23,판매중,N,정보 없음
콘서트,세븐틴,세븐틴 2025 - 인천,03.20  18:30,F14,14,플로어석 (Floor),R,1300000,02.21  20:56,판매중,N,정보 없음
콘서트,세븐틴,세븐틴 2025 - 인천,03.21  18:30,F3,11,플로어석 (Floor),R,1300000,02.21  20:29,판매중,N,정보 없음
콘서트,세븐틴,세븐틴 2025 - 인천,03.21  18:30,E11,13,2층 (2F),R,1350000,02.21  23:31,판매중,N,정보 없음
콘서트,세븐틴,세븐틴 2025 - 인천,03.21  18:30,F6,15,플로어석 (Floor),R,1350000,02.21  20:27,판매중,N,여성명의
콘서트,세븐틴,세븐틴 2025 - 인천,03.21  18:30,F14,15,플로어석 (Floor),R,1389000,02.24  23:38,판매중,N,판매자가 입장 도움
콘서트,세븐틴,세븐틴 2025 - 인천,03.21  18:30,F13,16,플로어석 (Floor),R,1400000,03.06  01:09,판매중,N,정보 없음
콘서트,세븐틴,세븐틴 2025 - 인천,03.21  18:30,E13,12,2층 (2F),R,1400000,03.01  03:06,판매중,N,정보 없음
콘서트,세븐틴,세븐틴 2025 - 인천,03.20  18:30,E3,1,2층 (2F),R,1400000,02.28  23:13,판매중,Y,판매자가 입장 도움
콘서트,세븐틴,세븐틴 2025 - 인천,03.21  18:30,E13,7,2층 (2F),R,1400000,02.28  09:23,판매중,N,판매자가 입장 도움
콘서트,세븐틴,세븐틴 2025 - 인천,03.20  18:30,F3,13,플로어석 (Floor),R,1400000,02.27  09:54,판매중,N,판매자가 입장 도움
콘서트,세븐틴,세븐틴 2025 - 인천,03.21  18:30,Play＆Stay 미,N,Play＆Stay,Play&Stay,1400000,02.24  21:36,판매중,Y,정보 없음
콘서트,세븐틴,세븐틴 2025 - 인천,03.21  18:30,F11,19,플로어석 (Floor),R,1400000,02.24  17:21,판매중,N,정보 없음
콘서트,세븐틴,세븐틴 2025 - 인천,03.20  18:30,F12,23,플로어석 (Floor),R,1400000,02.24  01:39,판매중,N,정보 없음
콘서트,세븐틴,세븐틴 2025 - 인천,03.20  18:30,F12,15열,플로어석 (Floor),R,1400000,02.23  16:43,판매중,N,판매자가 입장 도움
콘서트,세븐틴,세븐틴 2025 - 인천,03.21  18:30,F14,14,플로어석 (Floor),R,1400000,02.23  01:33,판매중,N,정보 없음
콘서트,세븐틴,세븐틴 2025 - 인천,03.20  18:30,F6,3,플로어석 (Floor),R,1400000,02.22  21:35,판매중,N,정보 없음
콘서트,세븐틴,세븐틴 2025 - 인천,03.20  18:30,F10,20,플로어석 (Floor),R,1400000,02.22  16:35,판매중,N,정보 없음
콘서트,세븐틴,세븐틴 2025 - 인천,03.20  18:30,E11,14,2층 (2F),R,1400000,02.22  08:47,판매중,N,정보 없음
콘서트,세븐틴,세븐틴 2025 - 인천,03.20  18:30,F11,14,플로어석 (Floor),R,1400000,02.21  22:40,판매중,N,판매자가 입장 도움
콘서트,세븐틴,세븐틴 2025 - 인천,03.21  18:30,F11,23열 뒷돌출쪽 1,플로어석 (Floor),R,1400000,02.21  22:20,판매중,N,정보 없음
콘서트,세븐틴,세븐틴 2025 - 인천,03.20  18:30,F6,11열,플로어석 (Floor),R,1400000,02.21  22:11,판매중,N,판매자가 입장 도움
콘서트,세븐틴,세븐틴 2025 - 인천,03.20  18:30,F13,23,플로어석 (Floor),R,1400000,02.21  21:54,판매중,N,정보 없음
콘서트,세븐틴,세븐틴 2025 - 인천,03.20  18:30,F13,20,플로어석 (Floor),R,1400000,02.21  21:53,판매중,N,정보 없음
콘서트,세븐틴,세븐틴 2025 - 인천,03.21  18:30,E11,콘솔앞1,2층 (2F),R,1400000,02.21  20:13,판매중,N,정보 없음
콘서트,세븐틴,세븐틴 2025 - 인천,03.21  18:30,F3,15,플로어석 (Floor),R,1480000,02.21  21:16,판매중,N,정보 없음
콘서트,세븐틴,세븐틴 2025 - 인천,03.21  18:30,F14,13열,플로어석 (Floor),R,1490000,02.26  20:43,판매중,N,판매자가 입장 도움
콘서트,세븐틴,세븐틴 2025 - 인천,03.21  18:30,F15,18,플로어석 (Floor),R,1490000,02.25  10:58,판매중,Y,판매자가 입장 도움
콘서트,세븐틴,세븐틴 2025 - 인천,03.21  18:30,F14,7,플로어석 (Floor),R,1500000,03.06  23:04,판매중,N,정보 없음
콘서트,세븐틴,세븐틴 2025 - 인천,03.21  18:30,F14,20,플로어석 (Floor),R,1500000,03.05  20:48,판매중,N,판매자가 입장 도움
콘서트,세븐틴,세븐틴 2025 - 인천,03.20  18:30,E39,2,4층 (4F),S,1500000,03.05  13:37,판매중,N,판매자가 입장 도움
콘서트,세븐틴,세븐틴 2025 - 인천,03.20  18:30,F6,6,플로어석 (Floor),R,1500000,03.02  22:09,판매중,N,여성명의
콘서트,세븐틴,세븐틴 2025 - 인천,03.20  18:30,F3,21,플로어석 (Floor),R,1500000,03.02  21:41,판매중,N,정보 없음
콘서트,세븐틴,세븐틴 2025 - 인천,03.21  18:30,F14,5,플로어석 (Floor),R,1500000,02.28  14:07,판매중,N,정보 없음
콘서트,세븐틴,세븐틴 2025 - 인천,03.21  18:30,F3,22,플로어석 (Floor),R,1500000,02.26  16:13,판매중,N,정보 없음
콘서트,세븐틴,세븐틴 2025 - 인천,03.21  18:30,F3,20,플로어석 (Floor),R,1500000,02.26  11:38,판매중,N,정보 없음
콘서트,세븐틴,세븐틴 2025 - 인천,03.21  18:30,E20,4,2층 (2F),R,1500000,02.26  07:41,판매중,N,정보 없음
콘서트,세븐틴,세븐틴 2025 - 인천,03.21  18:30,F3,15,플로어석 (Floor),R,1500000,02.25  22:00,판매중,N,정보 없음
콘서트,세븐틴,세븐틴 2025 - 인천,03.21  18:30,F3,16,플로어석 (Floor),R,1500000,02.24  20:17,판매중,N,판매자가 입장 도움
콘서트,세븐틴,세븐틴 2025 - 인천,03.21  18:30,F14,13,플로어석 (Floor),R,1500000,02.24  17:02,판매중,N,정보 없음
콘서트,세븐틴,세븐틴 2025 - 인천,03.21  18:30,F11,11,플로어석 (Floor),R,1500000,02.24  17:01,판매중,N,정보 없음
콘서트,세븐틴,세븐틴 2025 - 인천,03.20  18:30,F6,15열 ,플로어석 (Floor),R,1500000,02.24  09:01,판매중,N,여성명의
콘서트,세븐틴,세븐틴 2025 - 인천,03.20  18:30,F3,15,플로어석 (Floor),R,1500000,02.24  03:57,판매중,N,판매자가 입장 도움
콘서트,세븐틴,세븐틴 2025 - 인천,03.20  18:30,F12,16,플로어석 (Floor),R,1500000,02.22  11:58,판매중,N,정보 없음
콘서트,세븐틴,세븐틴 2025 - 인천,03.21  18:30,F14,17,플로어석 (Floor),R,1500000,02.22  00:33,판매중,N,정보 없음
콘서트,세븐틴,세븐틴 2025 - 인천,03.21  18:30,F11,22,플로어석 (Floor),R,1500000,02.22  00:24,판매중,N,정보 없음
콘서트,세븐틴,세븐틴 2025 - 인천,03.20  18:30,F13,17,플로어석 (Floor),R,1500000,02.22  00:19,판매중,N,정보 없음
콘서트,세븐틴,세븐틴 2025 - 인천,03.21  18:30,F14,23,플로어석 (Floor),R,1500000,02.21  22:02,판매중,N,정보 없음
콘서트,세븐틴,세븐틴 2025 - 인천,03.21  18:30,E4,1,2층 (2F),R,1500000,02.21  22:00,판매중,N,정보 없음
콘서트,세븐틴,세븐틴 2025 - 인천,03.21  18:30,F12,23,플로어석 (Floor),R,1500000,02.21  21:52,판매중,N,판매자가 입장 도움
콘서트,세븐틴,세븐틴 2025 - 인천,03.20  18:30,F13,19,플로어석 (Floor),R,1500000,02.21  21:24,판매중,N,정보 없음
콘서트,세븐틴,세븐틴 2025 - 인천,03.20  18:30,F14,4,플로어석 (Floor),R,1500000,02.21  21:12,판매중,N,여성명의
콘서트,세븐틴,세븐틴 2025 - 인천,03.21  18:30,F3,18,플로어석 (Floor),R,1500000,02.21  21:05,판매중,N,정보 없음
콘서트,세븐틴,세븐틴 2025 - 인천,03.20  18:30,F11,17,플로어석 (Floor),R,1500000,02.21  21:05,판매중,N,정보 없음
콘서트,세븐틴,세븐틴 2025 - 인천,03.21  18:30,E21,11,2층 (2F),R,1500000,02.21  20:39,판매중,N,판매자가 입장 도움
콘서트,세븐틴,세븐틴 2025 - 인천,03.21  18:30,F14,17,플로어석 (Floor),R,1500000,02.21  20:12,판매중,N,정보 없음
콘서트,세븐틴,세븐틴 2025 - 인천,03.20  18:30,F3,22,플로어석 (Floor),R,1550000,02.23  23:33,판매중,N,판매자가 입장 도움
콘서트,세븐틴,세븐틴 2025 - 인천,03.21  18:30,F14,8~10열 왼쪽2,플로어석 (Floor),R,1590000,02.28  09:15,판매중,N,판매자가 입장 도움
콘서트,세븐틴,세븐틴 2025 - 인천,03.21  18:30,Play＆Stay 미,R석 1인,플로어석 (Floor),Play&Stay,1600000,03.06  23:14,판매중,N,정보 없음
콘서트,세븐틴,세븐틴 2025 - 인천,03.20  18:30,Play＆Stay 미,동반입장티켓,Play＆Stay,Play&Stay,1600000,03.06  18:15,판매중,N,판매자가 입장 도움
콘서트,세븐틴,세븐틴 2025 - 인천,03.21  18:30,F11,1,플로어석 (Floor),R,1600000,03.05  23:52,판매중,N,판매자가 입장 도움
콘서트,세븐틴,세븐틴 2025 - 인천,03.21  18:30,F2,20,플로어석 (Floor),R,1600000,03.03  21:41,판매중,N,정보 없음
콘서트,세븐틴,세븐틴 2025 - 인천,03.21  18:30,F2,6,플로어석 (Floor),R,1600000,02.26  22:24,판매중,N,정보 없음
콘서트,세븐틴,세븐틴 2025 - 인천,03.21  18:30,F11,23,플로어석 (Floor),R,1600000,02.26  12:12,판매중,N,정보 없음
콘서트,세븐틴,세븐틴 2025 - 인천,03.21  18:30,E30,1,2층 (2F),R,1600000,02.24  22:01,판매중,N,여성명의
콘서트,세븐틴,세븐틴 2025 - 인천,03.21  18:30,E13,6,2층 (2F),R,1600000,02.24  20:48,판매중,N,정보 없음
콘서트,세븐틴,세븐틴 2025 - 인천,03.20  18:30,F3,13,플로어석 (Floor),R,1600000,02.24  02:57,판매중,N,판매자가 입장 도움
콘서트,세븐틴,세븐틴 2025 - 인천,03.21  18:30,F11,15,플로어석 (Floor),R,1600000,02.23  13:19,판매중,N,정보 없음
콘서트,세븐틴,세븐틴 2025 - 인천,03.20  18:30,F13,14,플로어석 (Floor),R,1600000,02.22  00:18,판매중,N,정보 없음
콘서트,세븐틴,세븐틴 2025 - 인천,03.20  18:30,F12,24,플로어석 (Floor),R,1600000,02.21  21:50,판매중,N,정보 없음
콘서트,세븐틴,세븐틴 2025 - 인천,03.20  18:30,F2,13,플로어석 (Floor),R,1600000,02.21  21:24,판매중,N,정보 없음
콘서트,세븐틴,세븐틴 2025 - 인천,03.20  18:30,F3,9,플로어석 (Floor),R,1650000,03.07  01:45,판매중,N,정보 없음
콘서트,세븐틴,세븐틴 2025 - 인천,03.21  18:30,F12,14,플로어석 (Floor),R,1650000,02.21  21:25,판매중,N,정보 없음
콘서트,세븐틴,세븐틴 2025 - 인천,03.20  18:30,F13,22,플로어석 (Floor),R,1650000,02.21  20:25,판매중,N,정보 없음
콘서트,세븐틴,세븐틴 2025 - 인천,03.21  18:30,F3,7,플로어석 (Floor),R,1650000,02.21  20:15,판매중,N,판매자가 입장 도움
콘서트,세븐틴,세븐틴 2025 - 인천,03.20  18:30,F6,14,플로어석 (Floor),R,1690000,02.24  20:08,판매중,N,판매자가 입장 도움
콘서트,세븐틴,세븐틴 2025 - 인천,03.21  18:30,F14,사진O돌출1,플로어석 (Floor),R,1699900,02.24  20:43,판매중,N,정보 없음
콘서트,세븐틴,세븐틴 2025 - 인천,03.20  18:30,Play＆Stay 미,미정,Play＆Stay,Play&Stay,1700000,03.06  21:45,판매중,Y,판매자가 입장 도움
콘서트,세븐틴,세븐틴 2025 - 인천,03.20  18:30,F11,17,플로어석 (Floor),R,1700000,02.28  02:36,판매중,N,판매자가 입장 도움
콘서트,세븐틴,세븐틴 2025 - 인천,03.20  18:30,F14,3,플로어석 (Floor),R,1700000,02.26  16:22,판매중,N,정보 없음
콘서트,세븐틴,세븐틴 2025 - 인천,03.21  18:30,E13,2,2층 (2F),R,1700000,02.24  20:31,판매중,N,판매자가 입장 도움
콘서트,세븐틴,세븐틴 2025 - 인천,03.21  18:30,F3,16,플로어석 (Floor),R,1700000,02.24  02:10,판매중,N,정보 없음
콘서트,세븐틴,세븐틴 2025 - 인천,03.20  18:30,F11,15,플로어석 (Floor),R,1700000,02.21  21:22,판매중,N,정보 없음
콘서트,세븐틴,세븐틴 2025 - 인천,03.20  18:30,F14,7,플로어석 (Floor),R,1700000,02.21  21:18,판매중,N,정보 없음
콘서트,세븐틴,세븐틴 2025 - 인천,03.20  18:30,F13,21,플로어석 (Floor),R,1750000,02.24  01:39,판매중,N,정보 없음
콘서트,세븐틴,세븐틴 2025 - 인천,03.20  18:30,F6,4,플로어석 (Floor),R,1800000,03.06  01:07,판매중,N,여성명의
콘서트,세븐틴,세븐틴 2025 - 인천,03.21  18:30,N3,1,2층 (2F),S,1800000,03.05  11:06,판매중,N,정보 없음
콘서트,세븐틴,세븐틴 2025 - 인천,03.21  18:30,F14,15~17,플로어석 (Floor),R,1800000,03.03  12:07,판매중,N,판매자가 입장 도움
콘서트,세븐틴,세븐틴 2025 - 인천,03.20  18:30,F13,23,플로어석 (Floor),R,1800000,02.28  17:24,판매중,N,정보 없음
콘서트,세븐틴,세븐틴 2025 - 인천,03.20  18:30,F3,18,플로어석 (Floor),R,1800000,02.27  13:05,판매중,N,판매자가 입장 도움
콘서트,세븐틴,세븐틴 2025 - 인천,03.20  18:30,F14,10,플로어석 (Floor),R,1800000,02.25  22:00,판매중,N,판매자가 입장 도움
콘서트,세븐틴,세븐틴 2025 - 인천,03.21  18:30,N20,1,2층 (2F),S,1800000,02.24  22:59,판매중,N,여성명의
콘서트,세븐틴,세븐틴 2025 - 인천,03.20  18:30,F3,13,플로어석 (Floor),R,1800000,02.24  22:04,판매중,N,정보 없음
콘서트,세븐틴,세븐틴 2025 - 인천,03.21  18:30,F11,2,플로어석 (Floor),R,1800000,02.22  18:22,판매중,N,정보 없음
콘서트,세븐틴,세븐틴 2025 - 인천,03.20  18:30,F12,17,플로어석 (Floor),R,1800000,02.22  06:31,판매중,N,판매자가 입장 도움
콘서트,세븐틴,세븐틴 2025 - 인천,03.20  18:30,E19,1,2층 (2F),R,1800000,02.22  00:20,판매중,N,정보 없음
콘서트,세븐틴,세븐틴 2025 - 인천,03.20  18:30,F3,15,플로어석 (Floor),R,1800000,02.21  22:26,판매중,N,정보 없음
콘서트,세븐틴,세븐틴 2025 - 인천,03.21  18:30,F13,21,플로어석 (Floor),R,1800000,02.21  22:19,판매중,N,정보 없음
콘서트,세븐틴,세븐틴 2025 - 인천,03.20  18:30,F13,22,플로어석 (Floor),R,1800000,02.21  21:01,판매중,N,정보 없음
콘서트,세븐틴,세븐틴 2025 - 인천,03.20  18:30,F13,22,플로어석 (Floor),R,1800000,02.21  21:01,판매중,N,정보 없음
콘서트,세븐틴,세븐틴 2025 - 인천,03.21  18:30,F12,18,플로어석 (Floor),R,1800000,02.21  20:42,판매중,N,정보 없음
콘서트,세븐틴,세븐틴 2025 - 인천,03.21  18:30,F11,10,플로어석 (Floor),R,1800000,02.21  20:21,판매중,N,정보 없음
콘서트,세븐틴,세븐틴 2025 - 인천,03.20  18:30,F13,20,플로어석 (Floor),R,1800000,02.21  20:17,판매중,N,정보 없음
콘서트,세븐틴,세븐틴 2025 - 인천,03.20  18:30,F6,10,플로어석 (Floor),R,1850000,02.21  20:19,판매중,N,판매자가 입장 도움
콘서트,세븐틴,세븐틴 2025 - 인천,03.21  18:30,F3,9,플로어석 (Floor),R,1890000,03.02  19:57,판매중,N,판매자가 입장 도움
콘서트,세븐틴,세븐틴 2025 - 인천,03.20  18:30,F3,15,플로어석 (Floor),R,1900000,03.06  17:18,판매중,N,정보 없음
콘서트,세븐틴,세븐틴 2025 - 인천,03.20  18:30,F6,돌출5열이내 13,플로어석 (Floor),R,1900000,03.06  15:39,판매중,N,정보 없음
콘서트,세븐틴,세븐틴 2025 - 인천,03.21  18:30,F3,15,플로어석 (Floor),R,1900000,03.04  09:20,판매중,N,정보 없음
콘서트,세븐틴,세븐틴 2025 - 인천,03.21  18:30,F14,12,플로어석 (Floor),R,1900000,02.27  22:44,판매중,N,판매자가 입장 도움
콘서트,세븐틴,세븐틴 2025 - 인천,03.20  18:30,F3,23 사진o현장o,플로어석 (Floor),R,1900000,02.25  21:18,판매중,N,정보 없음
콘서트,세븐틴,세븐틴 2025 - 인천,03.20  18:30,F13,21,플로어석 (Floor),R,1900000,02.22  15:26,판매중,N,여성명의
콘서트,세븐틴,세븐틴 2025 - 인천,03.21  18:30,F11,메인 1,플로어석 (Floor),R,1900000,02.22  09:08,판매중,N,판매자가 입장 도움
콘서트,세븐틴,세븐틴 2025 - 인천,03.20  18:30,F6,1n,플로어석 (Floor),R,1900000,02.21  21:07,판매중,N,판매자가 입장 도움
콘서트,세븐틴,세븐틴 2025 - 인천,03.21  18:30,F11,19,플로어석 (Floor),R,1930000,02.26  22:57,판매중,Y,판매자가 입장 도움
콘서트,세븐틴,세븐틴 2025 - 인천,03.21  18:30,F6,16,플로어석 (Floor),R,1950000,02.27  23:31,판매중,N,판매자가 입장 도움
콘서트,세븐틴,세븐틴 2025 - 인천,03.20  18:30,F13,1X,플로어석 (Floor),R,1950000,02.22  06:35,판매중,N,예매처 ID로 상품 전달
콘서트,세븐틴,세븐틴 2025 - 인천,03.20  18:30,F3,7,플로어석 (Floor),R,1950000,02.21  21:15,판매중,N,판매자가 입장 도움
콘서트,세븐틴,세븐틴 2025 - 인천,03.21  18:30,E20,2~6,2층 (2F),R,1990000,02.21  20:46,판매중,N,판매자가 입장 도움
콘서트,세븐틴,세븐틴 2025 - 인천,03.20  18:30,F2,12,플로어석 (Floor),R,2000000,03.05  13:30,판매중,N,정보 없음
콘서트,세븐틴,세븐틴 2025 - 인천,03.21  18:30,F3,6,플로어석 (Floor),R,2000000,02.27  11:48,판매중,N,판매자가 입장 도움
콘서트,세븐틴,세븐틴 2025 - 인천,03.20  18:30,F3,4,플로어석 (Floor),R,2000000,02.27  03:06,판매중,N,정보 없음
콘서트,세븐틴,세븐틴 2025 - 인천,03.20  18:30,F5,18,플로어석 (Floor),R,2000000,02.26  23:29,판매중,N,정보 없음
콘서트,세븐틴,세븐틴 2025 - 인천,03.21  18:30,F6,20,플로어석 (Floor),R,2000000,02.24  17:19,판매중,N,정보 없음
콘서트,세븐틴,세븐틴 2025 - 인천,03.20  18:30,F14,6,플로어석 (Floor),R,2000000,02.22  18:19,판매중,N,정보 없음
콘서트,세븐틴,세븐틴 2025 - 인천,03.20  18:30,F11,25,플로어석 (Floor),R,2000000,02.22  01:16,판매중,N,정보 없음
콘서트,세븐틴,세븐틴 2025 - 인천,03.21  18:30,F3,19,플로어석 (Floor),R,2000000,02.22  00:32,판매중,N,정보 없음
콘서트,세븐틴,세븐틴 2025 - 인천,03.20  18:30,F6,8,플로어석 (Floor),R,2000000,02.21  23:32,판매중,N,판매자가 입장 도움
콘서트,세븐틴,세븐틴 2025 - 인천,03.21  18:30,F14,22에서24사이,플로어석 (Floor),R,2000000,02.21  23:28,판매중,Y,예매처 ID로 상품 전달
콘서트,세븐틴,세븐틴 2025 - 인천,03.21  18:30,E12,10열이내,2층 (2F),R,2000000,02.21  21:19,판매중,N,예매처 ID로 상품 전달
콘서트,세븐틴,세븐틴 2025 - 인천,03.21  18:30,F3,5,플로어석 (Floor),R,2000000,02.21  21:16,판매중,N,정보 없음
콘서트,세븐틴,세븐틴 2025 - 인천,03.21  18:30,F3,23,플로어석 (Floor),R,2000000,02.21  20:16,판매중,N,정보 없음
콘서트,세븐틴,세븐틴 2025 - 인천,03.21  18:30,F11,4,플로어석 (Floor),R,2000000,02.21  20:09,판매중,N,정보 없음
콘서트,세븐틴,세븐틴 2025 - 인천,03.21  18:30,F14,14열중앙방향3칸내,플로어석 (Floor),R,2090000,02.24  14:42,판매중,N,여성명의
콘서트,세븐틴,세븐틴 2025 - 인천,03.21  18:30,F12,24,플로어석 (Floor),R,2099000,02.22  11:56,판매중,N,정보 없음
콘서트,세븐틴,세븐틴 2025 - 인천,03.20  18:30,F5,18,플로어석 (Floor),R,2100000,02.28  23:30,판매중,N,정보 없음
콘서트,세븐틴,세븐틴 2025 - 인천,03.20  18:30,F3,2n,플로어석 (Floor),R,2100000,02.21  21:03,판매중,N,정보 없음
콘서트,세븐틴,세븐틴 2025 - 인천,03.21  18:30,F3,13,플로어석 (Floor),R,2199900,02.26  16:23,판매중,N,정보 없음
콘서트,세븐틴,세븐틴 2025 - 인천,03.21  18:30,F12,22,플로어석 (Floor),R,2200000,02.28  14:26,판매중,N,정보 없음
콘서트,세븐틴,세븐틴 2025 - 인천,03.20  18:30,F4,12,플로어석 (Floor),R,2200000,02.27  21:42,판매중,N,정보 없음
콘서트,세븐틴,세븐틴 2025 - 인천,03.20  18:30,F4,13,플로어석 (Floor),R,2200000,02.27  21:42,판매중,N,정보 없음
콘서트,세븐틴,세븐틴 2025 - 인천,03.20  18:30,F6,23,플로어석 (Floor),R,2200000,02.25  11:53,판매중,N,정보 없음
콘서트,세븐틴,세븐틴 2025 - 인천,03.20  18:30,F11,6,플로어석 (Floor),R,2200000,02.24  17:27,판매중,N,판매자가 입장 도움
콘서트,세븐틴,세븐틴 2025 - 인천,03.20  18:30,F6,4,플로어석 (Floor),R,2200000,02.23  15:45,판매중,N,정보 없음
콘서트,세븐틴,세븐틴 2025 - 인천,03.20  18:30,F3,3,플로어석 (Floor),R,2200000,02.22  17:53,판매중,N,정보 없음
콘서트,세븐틴,세븐틴 2025 - 인천,03.20  18:30,F6,4,플로어석 (Floor),R,2200000,02.22  09:27,판매중,N,정보 없음
콘서트,세븐틴,세븐틴 2025 - 인천,03.21  18:30,F14,22에서24사이,플로어석 (Floor),R,2200000,02.21  23:29,판매중,N,정보 없음
콘서트,세븐틴,세븐틴 2025 - 인천,03.20  18:30,F13,11,플로어석 (Floor),R,2250000,02.28  17:26,판매중,N,판매자가 입장 도움
콘서트,세븐틴,세븐틴 2025 - 인천,03.20  18:30,F4,뒷돌 실제5열 16,플로어석 (Floor),R,2300000,03.04  15:29,판매중,N,판매자가 입장 도움
콘서트,세븐틴,세븐틴 2025 - 인천,03.21  18:30,F12,11,플로어석 (Floor),R,2300000,02.22  17:58,판매중,N,정보 없음
콘서트,세븐틴,세븐틴 2025 - 인천,03.21  18:30,F3,22,플로어석 (Floor),R,2300000,02.22  00:28,판매중,N,정보 없음
콘서트,세븐틴,세븐틴 2025 - 인천,03.20  18:30,F4,10,플로어석 (Floor),R,2300000,02.21  22:05,판매중,N,정보 없음
콘서트,세븐틴,세븐틴 2025 - 인천,03.20  18:30,F13,21,플로어석 (Floor),R,2300000,02.21  21:24,판매중,N,정보 없음
콘서트,세븐틴,세븐틴 2025 - 인천,03.20  18:30,F4,9,플로어석 (Floor),R,2390000,02.21  20:20,판매중,N,판매자가 입장 도움
콘서트,세븐틴,세븐틴 2025 - 인천,03.21  18:30,F3,4,플로어석 (Floor),R,2400000,03.05  20:23,판매중,N,정보 없음
콘서트,세븐틴,세븐틴 2025 - 인천,03.20  18:30,F4,12,플로어석 (Floor),R,2400000,03.05  13:08,판매중,N,정보 없음
콘서트,세븐틴,세븐틴 2025 - 인천,03.20  18:30,F4,12,플로어석 (Floor),R,2400000,03.04  15:35,판매중,N,판매자가 입장 도움
콘서트,세븐틴,세븐틴 2025 - 인천,03.20  18:30,F4,사진O 11,플로어석 (Floor),R,2400000,03.04  15:32,판매중,N,판매자가 입장 도움
콘서트,세븐틴,세븐틴 2025 - 인천,03.21  18:30,Play＆Stay 미,롯데호텔,Play＆Stay,Play&Stay,2400000,02.23  12:50,판매중,N,정보 없음
콘서트,세븐틴,세븐틴 2025 - 인천,03.21  18:30,F3,23,플로어석 (Floor),R,2400000,02.22  23:06,판매중,N,정보 없음
콘서트,세븐틴,세븐틴 2025 - 인천,03.20  18:30,F11,2,플로어석 (Floor),R,2400000,02.22  18:03,판매중,N,정보 없음
콘서트,세븐틴,세븐틴 2025 - 인천,03.21  18:30,F13,19,플로어석 (Floor),R,2400000,02.22  00:22,판매중,N,정보 없음
콘서트,세븐틴,세븐틴 2025 - 인천,03.20  18:30,F4,15,플로어석 (Floor),R,2400000,02.22  00:13,판매중,N,정보 없음
콘서트,세븐틴,세븐틴 2025 - 인천,03.20  18:30,F12,21,플로어석 (Floor),R,2400000,02.21  21:22,판매중,N,정보 없음
콘서트,세븐틴,세븐틴 2025 - 인천,03.20  18:30,F13,7열에서 10열 ,플로어석 (Floor),R,2450000,03.08  17:30,판매중,N,정보 없음
콘서트,세븐틴,세븐틴 2025 - 인천,03.20  18:30,F6,3,플로어석 (Floor),R,2450000,02.25  15:27,판매중,N,정보 없음
콘서트,세븐틴,세븐틴 2025 - 인천,03.21  18:30,F5,뒷무대돌출2열19,플로어석 (Floor),R,2490000,02.28  00:05,판매중,N,판매자가 입장 도움
콘서트,세븐틴,세븐틴 2025 - 인천,03.20  18:30,F3,6,플로어석 (Floor),R,2490000,02.24  20:08,판매중,N,판매자가 입장 도움
콘서트,세븐틴,세븐틴 2025 - 인천,03.20  18:30,F5,9,플로어석 (Floor),R,2500000,03.06  23:49,판매중,N,정보 없음
콘서트,세븐틴,세븐틴 2025 - 인천,03.21  18:30,F12,14,플로어석 (Floor),R,2500000,03.06  16:17,판매중,N,판매자가 입장 도움
콘서트,세븐틴,세븐틴 2025 - 인천,03.21  18:30,F13,24,플로어석 (Floor),R,2500000,03.05  23:31,판매중,N,여성명의
콘서트,세븐틴,세븐틴 2025 - 인천,03.20  18:30,F12,24,플로어석 (Floor),R,2500000,03.05  23:29,판매중,N,여성명의
콘서트,세븐틴,세븐틴 2025 - 인천,03.21  18:30,F13,24,플로어석 (Floor),R,2500000,03.03  12:13,판매중,N,판매자가 입장 도움
콘서트,세븐틴,세븐틴 2025 - 인천,03.21  18:30,F3,1~3,플로어석 (Floor),R,2500000,03.03  08:56,판매중,N,판매자가 입장 도움
콘서트,세븐틴,세븐틴 2025 - 인천,03.21  18:30,F14,6,플로어석 (Floor),R,2500000,03.01  23:38,판매중,N,판매자가 입장 도움
콘서트,세븐틴,세븐틴 2025 - 인천,03.20  18:30,F14,무대2열 3~5,플로어석 (Floor),R,2500000,03.01  12:45,판매중,N,정보 없음
콘서트,세븐틴,세븐틴 2025 - 인천,03.21  18:30,F13,11,플로어석 (Floor),R,2500000,02.27  12:43,판매중,N,정보 없음
콘서트,세븐틴,세븐틴 2025 - 인천,03.20  18:30,F4,14,플로어석 (Floor),R,2500000,02.26  10:14,판매중,N,판매자가 입장 도움
콘서트,세븐틴,세븐틴 2025 - 인천,03.21  18:30,F6,18,플로어석 (Floor),R,2500000,02.24  17:00,판매중,N,정보 없음
콘서트,세븐틴,세븐틴 2025 - 인천,03.21  18:30,F6,16,플로어석 (Floor),R,2500000,02.24  16:59,판매중,N,정보 없음
콘서트,세븐틴,세븐틴 2025 - 인천,03.21  18:30,F6,14,플로어석 (Floor),R,2500000,02.24  16:59,판매중,N,정보 없음
콘서트,세븐틴,세븐틴 2025 - 인천,03.21  18:30,F6,14,플로어석 (Floor),R,2500000,02.24  16:56,판매중,N,정보 없음
콘서트,세븐틴,세븐틴 2025 - 인천,03.21  18:30,F6,14,플로어석 (Floor),R,2500000,02.24  16:55,판매중,N,정보 없음
콘서트,세븐틴,세븐틴 2025 - 인천,03.21  18:30,F3,22,플로어석 (Floor),R,2500000,02.24  16:54,판매중,N,정보 없음
콘서트,세븐틴,세븐틴 2025 - 인천,03.21  18:30,F3,7,플로어석 (Floor),R,2500000,02.23  17:32,판매중,N,정보 없음
콘서트,세븐틴,세븐틴 2025 - 인천,03.20  18:30,F5,11,플로어석 (Floor),R,2500000,02.23  01:52,판매중,N,판매자가 입장 도움
콘서트,세븐틴,세븐틴 2025 - 인천,03.20  18:30,F6,13,플로어석 (Floor),R,2500000,02.22  11:15,판매중,N,정보 없음
콘서트,세븐틴,세븐틴 2025 - 인천,03.21  18:30,F13,22,플로어석 (Floor),R,2500000,02.22  00:35,판매중,N,정보 없음
콘서트,세븐틴,세븐틴 2025 - 인천,03.21  18:30,F3,21~23,플로어석 (Floor),R,2500000,02.21  21:57,판매중,N,정보 없음
콘서트,세븐틴,세븐틴 2025 - 인천,03.20  18:30,F4,14,플로어석 (Floor),R,2500000,02.21  21:44,판매중,N,정보 없음
콘서트,세븐틴,세븐틴 2025 - 인천,03.21  18:30,F3,1~2,플로어석 (Floor),R,2500000,02.21  21:19,판매중,Y,정보 없음
콘서트,세븐틴,세븐틴 2025 - 인천,03.20  18:30,F4,15,플로어석 (Floor),R,2600000,03.04  02:01,판매중,N,판매자가 입장 도움
콘서트,세븐틴,세븐틴 2025 - 인천,03.20  18:30,F12,8,플로어석 (Floor),R,2600000,02.27  17:14,판매중,N,정보 없음
콘서트,세븐틴,세븐틴 2025 - 인천,03.20  18:30,F3,9,플로어석 (Floor),R,2600000,02.25  21:58,판매중,N,판매자가 입장 도움
콘서트,세븐틴,세븐틴 2025 - 인천,03.20  18:30,F3,7,플로어석 (Floor),R,2600000,02.23  11:45,판매중,N,판매자가 입장 도움
콘서트,세븐틴,세븐틴 2025 - 인천,03.20  18:30,F4,12~14,플로어석 (Floor),R,2600000,02.21  20:11,판매중,N,판매자가 입장 도움
콘서트,세븐틴,세븐틴 2025 - 인천,03.21  18:30,F5,16,플로어석 (Floor),R,2690000,02.24  20:56,판매중,N,정보 없음
콘서트,세븐틴,세븐틴 2025 - 인천,03.21  18:30,F5,18,플로어석 (Floor),R,2700000,03.05  11:58,판매중,N,판매자가 입장 도움
콘서트,세븐틴,세븐틴 2025 - 인천,03.20  18:30,F4,돌출 실제3열 18,플로어석 (Floor),R,2700000,03.04  15:34,판매중,N,판매자가 입장 도움
콘서트,세븐틴,세븐틴 2025 - 인천,03.20  18:30,F4,13,플로어석 (Floor),R,2700000,03.04  15:30,판매중,N,판매자가 입장 도움
콘서트,세븐틴,세븐틴 2025 - 인천,03.20  18:30,F4,14,플로어석 (Floor),R,2700000,03.04  15:28,판매중,N,판매자가 입장 도움
콘서트,세븐틴,세븐틴 2025 - 인천,03.21  18:30,F4,11,플로어석 (Floor),R,2700000,02.23  01:53,판매중,N,판매자가 입장 도움
콘서트,세븐틴,세븐틴 2025 - 인천,03.21  18:30,F5,정중앙통로1열 12,플로어석 (Floor),R,2700000,02.21  21:35,판매중,N,판매자가 입장 도움
콘서트,세븐틴,세븐틴 2025 - 인천,03.20  18:30,F4,8,플로어석 (Floor),R,2750000,03.04  15:36,판매중,N,판매자가 입장 도움
콘서트,세븐틴,세븐틴 2025 - 인천,03.21  18:30,F6,4,플로어석 (Floor),R,2750000,02.28  17:34,판매중,N,판매자가 입장 도움
콘서트,세븐틴,세븐틴 2025 - 인천,03.21  18:30,F12,5,플로어석 (Floor),R,2750000,02.24  20:45,판매중,N,정보 없음
콘서트,세븐틴,세븐틴 2025 - 인천,03.21  18:30,F6,12~13,플로어석 (Floor),R,2790000,03.03  17:29,판매중,N,판매자가 입장 도움
콘서트,세븐틴,세븐틴 2025 - 인천,03.20  18:30,F4,12,플로어석 (Floor),R,2800000,03.06  16:15,판매중,N,판매자가 입장 도움
콘서트,세븐틴,세븐틴 2025 - 인천,03.21  18:30,F4,7,플로어석 (Floor),R,2800000,02.27  21:49,판매중,N,정보 없음
콘서트,세븐틴,세븐틴 2025 - 인천,03.21  18:30,F11,1,플로어석 (Floor),R,2800000,02.26  16:31,판매중,N,정보 없음
콘서트,세븐틴,세븐틴 2025 - 인천,03.20  18:30,F4,16열 돌출 5,플로어석 (Floor),R,2800000,02.23  15:51,판매중,N,정보 없음
콘서트,세븐틴,세븐틴 2025 - 인천,03.20  18:30,F5,14,플로어석 (Floor),R,2800000,02.21  21:45,판매중,N,정보 없음
콘서트,세븐틴,세븐틴 2025 - 인천,03.20  18:30,F4,13,플로어석 (Floor),R,2800000,02.21  21:00,판매중,N,여성명의
콘서트,세븐틴,세븐틴 2025 - 인천,03.21  18:30,F4,15,플로어석 (Floor),R,2800000,02.21  20:12,판매중,N,정보 없음
콘서트,세븐틴,세븐틴 2025 - 인천,03.20  18:30,F4,14,플로어석 (Floor),R,2900000,03.06  16:12,판매중,N,판매자가 입장 도움
콘서트,세븐틴,세븐틴 2025 - 인천,03.20  18:30,F5,뒷돌 실제2열 19,플로어석 (Floor),R,2900000,03.04  15:31,판매중,N,판매자가 입장 도움
콘서트,세븐틴,세븐틴 2025 - 인천,03.21  18:30,F12,6,플로어석 (Floor),R,2900000,03.04  11:04,판매중,N,정보 없음
콘서트,세븐틴,세븐틴 2025 - 인천,03.21  18:30,F3,돌출 1열17~20,플로어석 (Floor),R,2900000,02.27  10:49,판매중,N,정보 없음
콘서트,세븐틴,세븐틴 2025 - 인천,03.21  18:30,F6,5,플로어석 (Floor),R,2900000,02.21  20:44,판매중,N,판매자가 입장 도움
콘서트,세븐틴,세븐틴 2025 - 인천,03.20  18:30,F4,13,플로어석 (Floor),R,3000000,03.07  16:47,판매중,Y,판매자가 입장 도움
콘서트,세븐틴,세븐틴 2025 - 인천,03.21  18:30,F5,9,플로어석 (Floor),R,3000000,03.06  16:16,판매중,N,판매자가 입장 도움
콘서트,세븐틴,세븐틴 2025 - 인천,03.21  18:30,F6,12,플로어석 (Floor),R,3000000,02.27  23:16,판매중,N,판매자가 입장 도움
콘서트,세븐틴,세븐틴 2025 - 인천,03.21  18:30,F14,"돌출 부근, 1",플로어석 (Floor),R,3000000,02.26  13:35,판매중,N,판매자가 입장 도움
콘서트,세븐틴,세븐틴 2025 - 인천,03.20  18:30,F12,12,플로어석 (Floor),R,3000000,02.25  01:38,판매중,N,정보 없음
콘서트,세븐틴,세븐틴 2025 - 인천,03.21  18:30,F4,14,플로어석 (Floor),R,3000000,02.24  13:00,판매중,N,정보 없음
콘서트,세븐틴,세븐틴 2025 - 인천,03.21  18:30,F5,18,플로어석 (Floor),R,3000000,02.23  14:01,판매중,N,정보 없음
콘서트,세븐틴,세븐틴 2025 - 인천,03.21  18:30,F5,8,플로어석 (Floor),R,3000000,02.23  01:55,판매중,N,판매자가 입장 도움
콘서트,세븐틴,세븐틴 2025 - 인천,03.21  18:30,F6,17~19,플로어석 (Floor),R,3000000,02.21  21:54,판매중,N,정보 없음
콘서트,세븐틴,세븐틴 2025 - 인천,03.21  18:30,F14,*사진O*13,플로어석 (Floor),R,3000000,02.21  21:37,판매중,N,정보 없음
콘서트,세븐틴,세븐틴 2025 - 인천,03.20  18:30,F13,23,플로어석 (Floor),R,3000000,02.21  21:17,판매중,N,정보 없음
콘서트,세븐틴,세븐틴 2025 - 인천,03.21  18:30,F13,6,플로어석 (Floor),R,3000000,02.21  21:01,판매중,N,정보 없음
콘서트,세븐틴,세븐틴 2025 - 인천,03.20  18:30,F3,5,플로어석 (Floor),R,3000000,02.21  20:54,판매중,N,판매자가 입장 도움
콘서트,세븐틴,세븐틴 2025 - 인천,03.21  18:30,F4,16,플로어석 (Floor),R,3000000,02.21  20:28,판매중,N,여성명의
콘서트,세븐틴,세븐틴 2025 - 인천,03.20  18:30,F4,7,플로어석 (Floor),R,3100000,02.21  22:58,판매중,N,정보 없음
콘서트,세븐틴,세븐틴 2025 - 인천,03.21  18:30,F12,3,플로어석 (Floor),R,3200000,03.04  11:04,판매중,N,정보 없음
콘서트,세븐틴,세븐틴 2025 - 인천,03.20  18:30,F5,6,플로어석 (Floor),R,3200000,03.02  15:01,판매중,N,판매자가 입장 도움
콘서트,세븐틴,세븐틴 2025 - 인천,03.21  18:30,F6,3,플로어석 (Floor),R,3200000,02.28  23:41,판매중,N,판매자가 입장 도움
콘서트,세븐틴,세븐틴 2025 - 인천,03.21  18:30,F6,돌출1열 12~15,플로어석 (Floor),R,3200000,02.24  14:46,판매중,N,정보 없음
콘서트,세븐틴,세븐틴 2025 - 인천,03.21  18:30,F4,7열 5번이내,플로어석 (Floor),R,3200000,02.22  17:35,판매중,N,판매자가 입장 도움
콘서트,세븐틴,세븐틴 2025 - 인천,03.21  18:30,F5,10열,플로어석 (Floor),R,3290000,03.05  14:50,판매중,N,판매자가 입장 도움
콘서트,세븐틴,세븐틴 2025 - 인천,03.20  18:30,F4,4,플로어석 (Floor),R,3300000,03.06  16:14,판매중,N,판매자가 입장 도움
콘서트,세븐틴,세븐틴 2025 - 인천,03.20  18:30,F12,4,플로어석 (Floor),R,3300000,02.28  23:31,판매중,N,판매자가 입장 도움
콘서트,세븐틴,세븐틴 2025 - 인천,03.21  18:30,F3,중앙무대쪽 19,플로어석 (Floor),R,3300000,02.27  22:57,판매중,N,판매자가 입장 도움
콘서트,세븐틴,세븐틴 2025 - 인천,03.20  18:30,F4,9,플로어석 (Floor),R,3300000,02.23  17:48,판매중,N,여성명의
콘서트,세븐틴,세븐틴 2025 - 인천,03.21  18:30,F5,14,플로어석 (Floor),R,3300000,02.22  21:55,판매중,N,판매자가 입장 도움
콘서트,세븐틴,세븐틴 2025 - 인천,03.21  18:30,F5,16,플로어석 (Floor),R,3300000,02.21  21:55,판매중,N,정보 없음
콘서트,세븐틴,세븐틴 2025 - 인천,03.21  18:30,F4,9,플로어석 (Floor),R,3340000,02.25  15:09,판매중,N,정보 없음
콘서트,세븐틴,세븐틴 2025 - 인천,03.21  18:30,F4,12,플로어석 (Floor),R,3399000,02.22  13:25,판매중,N,정보 없음
콘서트,세븐틴,세븐틴 2025 - 인천,03.21  18:30,F5,5,플로어석 (Floor),R,3400000,03.04  10:46,판매중,N,정보 없음
콘서트,세븐틴,세븐틴 2025 - 인천,03.21  18:30,F4,4,플로어석 (Floor),R,3400000,02.21  22:17,판매중,N,정보 없음
콘서트,세븐틴,세븐틴 2025 - 인천,03.21  18:30,F13,7열 명당,플로어석 (Floor),R,3490000,02.26  20:47,판매중,N,판매자가 입장 도움
콘서트,세븐틴,세븐틴 2025 - 인천,03.21  18:30,F6,14~19,플로어석 (Floor),R,3490000,02.24  20:16,판매중,N,판매자가 입장 도움
콘서트,세븐틴,세븐틴 2025 - 인천,03.21  18:30,F3,팔옮 사진 뒷돌출6,플로어석 (Floor),R,3500000,02.28  22:03,판매중,N,정보 없음
콘서트,세븐틴,세븐틴 2025 - 인천,03.21  18:30,F4,12,플로어석 (Floor),R,3500000,02.28  10:26,판매중,N,정보 없음
콘서트,세븐틴,세븐틴 2025 - 인천,03.20  18:30,F4,n,플로어석 (Floor),R,3500000,02.27  17:32,판매중,N,정보 없음
콘서트,세븐틴,세븐틴 2025 - 인천,03.21  18:30,F6,14~18,플로어석 (Floor),R,3500000,02.24  17:16,판매중,N,정보 없음
콘서트,세븐틴,세븐틴 2025 - 인천,03.21  18:30,F3,14~18,플로어석 (Floor),R,3500000,02.24  17:15,판매중,N,정보 없음
콘서트,세븐틴,세븐틴 2025 - 인천,03.20  18:30,F13,4,플로어석 (Floor),R,3500000,02.23  15:54,판매중,N,정보 없음
콘서트,세븐틴,세븐틴 2025 - 인천,03.20  18:30,F6,14~16,플로어석 (Floor),R,3500000,02.23  01:36,판매중,N,정보 없음
콘서트,세븐틴,세븐틴 2025 - 인천,03.21  18:30,F4,6,플로어석 (Floor),R,3500000,02.22  09:12,판매중,N,판매자가 입장 도움
콘서트,세븐틴,세븐틴 2025 - 인천,03.20  18:30,F4,4,플로어석 (Floor),R,3500000,02.22  07:06,판매중,N,정보 없음
콘서트,세븐틴,세븐틴 2025 - 인천,03.20  18:30,F3,7,플로어석 (Floor),R,3500000,02.21  23:05,판매중,N,여성명의
콘서트,세븐틴,세븐틴 2025 - 인천,03.21  18:30,F12,15,플로어석 (Floor),R,3500000,02.21  21:18,판매중,N,정보 없음
콘서트,세븐틴,세븐틴 2025 - 인천,03.20  18:30,F4,돌출 1,플로어석 (Floor),R,3500000,02.21  21:14,판매중,N,판매자가 입장 도움
콘서트,세븐틴,세븐틴 2025 - 인천,03.21  18:30,F6,3,플로어석 (Floor),R,3500000,02.21  20:32,판매중,N,정보 없음
콘서트,세븐틴,세븐틴 2025 - 인천,03.21  18:30,F13,4,플로어석 (Floor),R,3500000,02.21  20:10,판매중,N,정보 없음
콘서트,세븐틴,세븐틴 2025 - 인천,03.21  18:30,F4,8,플로어석 (Floor),R,3600000,03.04  11:02,판매중,N,정보 없음
콘서트,세븐틴,세븐틴 2025 - 인천,03.21  18:30,F5,8,플로어석 (Floor),R,3600000,02.22  21:54,판매중,N,판매자가 입장 도움
콘서트,세븐틴,세븐틴 2025 - 인천,03.20  18:30,F4,19열 돌출2열,플로어석 (Floor),R,3600000,02.22  11:05,판매중,N,판매자가 입장 도움
콘서트,세븐틴,세븐틴 2025 - 인천,03.21  18:30,F5,18~20,플로어석 (Floor),R,3650000,02.21  21:20,판매중,N,판매자가 입장 도움
콘서트,세븐틴,세븐틴 2025 - 인천,03.21  18:30,F5,10,플로어석 (Floor),R,3700000,02.21  22:33,판매중,N,예매처 ID로 상품 전달
콘서트,세븐틴,세븐틴 2025 - 인천,03.20  18:30,F3,돌출1,플로어석 (Floor),R,3700000,02.21  22:05,판매중,N,판매자가 입장 도움
콘서트,세븐틴,세븐틴 2025 - 인천,03.20  18:30,F4,4,플로어석 (Floor),R,3700000,02.21  20:59,판매중,N,여성명의
콘서트,세븐틴,세븐틴 2025 - 인천,03.21  18:30,F4,20열 뒷돌출1,플로어석 (Floor),R,3750000,02.24  13:42,판매중,N,판매자가 입장 도움
콘서트,세븐틴,세븐틴 2025 - 인천,03.20  18:30,F5,5,플로어석 (Floor),R,3780000,02.21  22:16,판매중,N,정보 없음
콘서트,세븐틴,세븐틴 2025 - 인천,03.21  18:30,F5,17,플로어석 (Floor),R,3800000,03.05  22:41,판매중,N,정보 없음
콘서트,세븐틴,세븐틴 2025 - 인천,03.21  18:30,F4,10,플로어석 (Floor),R,3800000,03.04  11:03,판매중,N,정보 없음
콘서트,세븐틴,세븐틴 2025 - 인천,03.21  18:30,F5,중앙 5,플로어석 (Floor),R,3800000,03.04  01:12,판매중,N,판매자가 입장 도움
콘서트,세븐틴,세븐틴 2025 - 인천,03.21  18:30,F4,3,플로어석 (Floor),R,3800000,02.24  21:20,판매중,N,정보 없음
콘서트,세븐틴,세븐틴 2025 - 인천,03.21  18:30,F5,12,플로어석 (Floor),R,3800000,02.24  15:15,판매중,N,정보 없음
콘서트,세븐틴,세븐틴 2025 - 인천,03.21  18:30,F4,8,플로어석 (Floor),R,3800000,02.24  15:14,판매중,N,정보 없음
콘서트,세븐틴,세븐틴 2025 - 인천,03.21  18:30,F5,17열 뒷돌출4,플로어석 (Floor),R,3800000,02.22  21:55,판매중,N,판매자가 입장 도움
콘서트,세븐틴,세븐틴 2025 - 인천,03.21  18:30,F5,7,플로어석 (Floor),R,3800000,02.22  21:54,판매중,N,판매자가 입장 도움
콘서트,세븐틴,세븐틴 2025 - 인천,03.21  18:30,F6,17~23,플로어석 (Floor),R,3900000,03.05  03:21,판매중,N,정보 없음
콘서트,세븐틴,세븐틴 2025 - 인천,03.21  18:30,F4,10,플로어석 (Floor),R,3900000,03.04  11:03,판매중,N,정보 없음
콘서트,세븐틴,세븐틴 2025 - 인천,03.21  18:30,F4,4,플로어석 (Floor),R,3900000,02.21  21:17,판매중,N,판매자가 입장 도움
콘서트,세븐틴,세븐틴 2025 - 인천,03.20  18:30,F5,6,플로어석 (Floor),R,3990000,02.22  00:30,판매중,N,정보 없음
콘서트,세븐틴,세븐틴 2025 - 인천,03.20  18:30,F5,14,플로어석 (Floor),R,4000000,03.05  12:46,판매중,N,정보 없음
콘서트,세븐틴,세븐틴 2025 - 인천,03.20  18:30,F4,4,플로어석 (Floor),R,4000000,03.05  10:07,판매중,N,판매자가 입장 도움
콘서트,세븐틴,세븐틴 2025 - 인천,03.20  18:30,F5,13,플로어석 (Floor),R,4000000,03.02  20:10,판매중,N,판매자가 입장 도움
콘서트,세븐틴,세븐틴 2025 - 인천,03.21  18:30,F5,정중앙명당 18,플로어석 (Floor),R,4000000,02.27  23:47,판매중,N,판매자가 입장 도움
콘서트,세븐틴,세븐틴 2025 - 인천,03.20  18:30,F5,14,플로어석 (Floor),R,4000000,02.27  07:04,판매중,N,판매자가 입장 도움
콘서트,세븐틴,세븐틴 2025 - 인천,03.20  18:30,F5,19,플로어석 (Floor),R,4000000,02.25  01:40,판매중,N,정보 없음
콘서트,세븐틴,세븐틴 2025 - 인천,03.20  18:30,F5,16,플로어석 (Floor),R,4000000,02.24  21:10,판매중,N,정보 없음
콘서트,세븐틴,세븐틴 2025 - 인천,03.21  18:30,F6,19~23,플로어석 (Floor),R,4000000,02.24  19:32,판매중,N,정보 없음
콘서트,세븐틴,세븐틴 2025 - 인천,03.21  18:30,F4,4,플로어석 (Floor),R,4000000,02.23  02:12,판매중,N,정보 없음
콘서트,세븐틴,세븐틴 2025 - 인천,03.20  18:30,F4,1~5,플로어석 (Floor),R,4000000,02.22  01:01,판매중,N,정보 없음
콘서트,세븐틴,세븐틴 2025 - 인천,03.21  18:30,F5,19,플로어석 (Floor),R,4000000,02.22  00:19,판매중,N,정보 없음
콘서트,세븐틴,세븐틴 2025 - 인천,03.20  18:30,F3,10~13열 돌출1,플로어석 (Floor),R,4000000,02.21  23:31,판매중,N,정보 없음
콘서트,세븐틴,세븐틴 2025 - 인천,03.20  18:30,F5,2,플로어석 (Floor),R,4000000,02.21  22:07,판매중,N,정보 없음
콘서트,세븐틴,세븐틴 2025 - 인천,03.21  18:30,F12,21,플로어석 (Floor),R,4000000,02.21  21:20,판매중,N,여성명의
콘서트,세븐틴,세븐틴 2025 - 인천,03.21  18:30,F12,21,플로어석 (Floor),R,4000000,02.21  21:20,판매중,N,여성명의
콘서트,세븐틴,세븐틴 2025 - 인천,03.21  18:30,F5,10,플로어석 (Floor),R,4000000,02.21  20:15,판매중,N,정보 없음
콘서트,세븐틴,세븐틴 2025 - 인천,03.21  18:30,F5,초명당 6,플로어석 (Floor),R,4000000,02.21  20:14,판매중,N,정보 없음
콘서트,세븐틴,세븐틴 2025 - 인천,03.21  18:30,F5,4,플로어석 (Floor),R,4100000,02.22  21:45,판매중,N,판매자가 입장 도움
콘서트,세븐틴,세븐틴 2025 - 인천,03.21  18:30,F6,12~15,플로어석 (Floor),R,4200000,02.23  19:32,판매중,N,여성명의
콘서트,세븐틴,세븐틴 2025 - 인천,03.20  18:30,F4,2,플로어석 (Floor),R,4200000,02.21  22:01,판매중,N,정보 없음
콘서트,세븐틴,세븐틴 2025 - 인천,03.21  18:30,F6,1~2,플로어석 (Floor),R,4200000,02.21  21:42,판매중,Y,판매자가 입장 도움
콘서트,세븐틴,세븐틴 2025 - 인천,03.20  18:30,F5,20열 뒷돌출1,플로어석 (Floor),R,4250000,02.21  20:45,판매중,Y,판매자가 입장 도움
콘서트,세븐틴,세븐틴 2025 - 인천,03.21  18:30,F4,6,플로어석 (Floor),R,4290000,02.28  11:39,판매중,N,정보 없음
콘서트,세븐틴,세븐틴 2025 - 인천,03.20  18:30,F4,5,플로어석 (Floor),R,4300000,02.23  17:28,판매중,N,판매자가 입장 도움
콘서트,세븐틴,세븐틴 2025 - 인천,03.21  18:30,F5,3,플로어석 (Floor),R,4300000,02.21  22:42,판매중,N,정보 없음
콘서트,세븐틴,세븐틴 2025 - 인천,03.20  18:30,F3,17~21,플로어석 (Floor),R,4500000,03.05  13:41,판매중,N,판매자가 입장 도움
콘서트,세븐틴,세븐틴 2025 - 인천,03.21  18:30,F5,3,플로어석 (Floor),R,4500000,03.05  03:13,판매중,N,정보 없음
콘서트,세븐틴,세븐틴 2025 - 인천,03.21  18:30,F5,2,플로어석 (Floor),R,4500000,02.27  21:47,판매중,N,정보 없음
콘서트,세븐틴,세븐틴 2025 - 인천,03.21  18:30,F4,2,플로어석 (Floor),R,4500000,02.24  21:28,판매중,N,판매자가 입장 도움
콘서트,세븐틴,세븐틴 2025 - 인천,03.20  18:30,F5,2,플로어석 (Floor),R,4500000,02.22  07:09,판매중,N,정보 없음
콘서트,세븐틴,세븐틴 2025 - 인천,03.21  18:30,F5,2,플로어석 (Floor),R,4500000,02.21  23:41,판매중,N,판매자가 입장 도움
콘서트,세븐틴,세븐틴 2025 - 인천,03.21  18:30,F5,3,플로어석 (Floor),R,4500000,02.21  22:46,판매중,N,정보 없음
콘서트,세븐틴,세븐틴 2025 - 인천,03.20  18:30,F4,3,플로어석 (Floor),R,4500000,02.21  22:37,판매중,N,정보 없음
콘서트,세븐틴,세븐틴 2025 - 인천,03.20  18:30,F12,3,플로어석 (Floor),R,4500000,02.21  21:52,판매중,N,정보 없음
콘서트,세븐틴,세븐틴 2025 - 인천,03.21  18:30,F5,4열 우측돌출1,플로어석 (Floor),R,4500000,02.21  21:18,판매중,N,판매자가 입장 도움
콘서트,세븐틴,세븐틴 2025 - 인천,03.21  18:30,F4,18~20,플로어석 (Floor),R,4500000,02.21  21:16,판매중,N,정보 없음
콘서트,세븐틴,세븐틴 2025 - 인천,03.20  18:30,F5,10,플로어석 (Floor),R,4500000,02.21  21:03,판매중,N,판매자가 입장 도움
콘서트,세븐틴,세븐틴 2025 - 인천,03.20  18:30,F5,11,플로어석 (Floor),R,4500000,02.21  20:43,판매중,N,정보 없음
콘서트,세븐틴,세븐틴 2025 - 인천,03.21  18:30,F5,3,플로어석 (Floor),R,4500000,02.21  20:37,판매중,N,정보 없음
콘서트,세븐틴,세븐틴 2025 - 인천,03.21  18:30,F5,12,플로어석 (Floor),R,4500000,02.21  20:25,판매중,N,정보 없음
콘서트,세븐틴,세븐틴 2025 - 인천,03.20  18:30,F13,2,플로어석 (Floor),R,4500000,02.21  20:23,판매중,N,정보 없음
콘서트,세븐틴,세븐틴 2025 - 인천,03.21  18:30,F4,정중앙1열 5~6,플로어석 (Floor),R,4600000,02.21  20:11,판매중,N,판매자가 입장 도움
콘서트,세븐틴,세븐틴 2025 - 인천,03.20  18:30,F12,2,플로어석 (Floor),R,4700000,02.21  22:18,판매중,N,판매자가 입장 도움
콘서트,세븐틴,세븐틴 2025 - 인천,03.20  18:30,F5,3,플로어석 (Floor),R,4700000,02.21  20:06,판매중,N,판매자가 입장 도움
콘서트,세븐틴,세븐틴 2025 - 인천,03.21  18:30,F5,18~20열최고명당,플로어석 (Floor),R,4790000,03.05  14:54,판매중,N,판매자가 입장 도움
콘서트,세븐틴,세븐틴 2025 - 인천,03.21  18:30,F5,2,플로어석 (Floor),R,4800000,02.24  21:29,판매중,N,판매자가 입장 도움
콘서트,세븐틴,세븐틴 2025 - 인천,03.21  18:30,F5,20,플로어석 (Floor),R,4900000,03.02  20:08,판매중,N,판매자가 입장 도움
콘서트,세븐틴,세븐틴 2025 - 인천,03.21  18:30,F5,7,플로어석 (Floor),R,4900000,02.21  20:36,판매중,N,정보 없음
콘서트,세븐틴,세븐틴 2025 - 인천,03.21  18:30,F4,4,플로어석 (Floor),R,5000000,02.26  23:36,판매중,N,정보 없음
콘서트,세븐틴,세븐틴 2025 - 인천,03.20  18:30,F4,19,플로어석 (Floor),R,5000000,02.23  19:34,판매중,N,여성명의
콘서트,세븐틴,세븐틴 2025 - 인천,03.21  18:30,F5,4,플로어석 (Floor),R,5000000,02.22  12:44,판매중,N,정보 없음
콘서트,세븐틴,세븐틴 2025 - 인천,03.21  18:30,F4,4,플로어석 (Floor),R,5000000,02.22  12:43,판매중,N,정보 없음
콘서트,세븐틴,세븐틴 2025 - 인천,03.21  18:30,F5,3,플로어석 (Floor),R,5000000,02.22  11:56,판매중,N,정보 없음
콘서트,세븐틴,세븐틴 2025 - 인천,03.20  18:30,F5,2,플로어석 (Floor),R,5000000,02.22  07:11,판매중,N,정보 없음
콘서트,세븐틴,세븐틴 2025 - 인천,03.20  18:30,F4,2,플로어석 (Floor),R,5000000,02.22  07:07,판매중,N,정보 없음
콘서트,세븐틴,세븐틴 2025 - 인천,03.21  18:30,F5,20열 뒷옆돌출1,플로어석 (Floor),R,5000000,02.21  20:12,판매중,N,정보 없음
콘서트,세븐틴,세븐틴 2025 - 인천,03.21  18:30,F5,2,플로어석 (Floor),R,5290000,02.27  21:30,판매중,N,정보 없음
콘서트,세븐틴,세븐틴 2025 - 인천,03.20  18:30,F5,2,플로어석 (Floor),R,5300000,02.22  07:11,판매중,N,정보 없음
콘서트,세븐틴,세븐틴 2025 - 인천,03.21  18:30,F4,2,플로어석 (Floor),R,5300000,02.21  23:28,판매중,N,정보 없음
콘서트,세븐틴,세븐틴 2025 - 인천,03.21  18:30,F12,1,플로어석 (Floor),R,5400000,03.07  23:33,판매중,N,정보 없음
콘서트,세븐틴,세븐틴 2025 - 인천,03.20  18:30,F4,2,플로어석 (Floor),R,5400000,02.21  23:27,판매중,N,판매자가 입장 도움
콘서트,세븐틴,세븐틴 2025 - 인천,03.20  18:30,F4,7~10,플로어석 (Floor),R,5500000,03.05  23:32,판매중,N,여성명의
콘서트,세븐틴,세븐틴 2025 - 인천,03.20  18:30,F5,1,플로어석 (Floor),R,5500000,02.28  23:29,판매중,N,판매자가 입장 도움
콘서트,세븐틴,세븐틴 2025 - 인천,03.21  18:30,F12,3,플로어석 (Floor),R,5500000,02.22  12:42,판매중,Y,정보 없음
콘서트,세븐틴,세븐틴 2025 - 인천,03.20  18:30,F5,12~16,플로어석 (Floor),R,5500000,02.22  05:19,판매중,N,정보 없음
콘서트,세븐틴,세븐틴 2025 - 인천,03.21  18:30,F5,3,플로어석 (Floor),R,5500000,02.21  22:04,판매중,N,정보 없음
콘서트,세븐틴,세븐틴 2025 - 인천,03.21  18:30,F4,1~5,플로어석 (Floor),R,5500000,02.21  20:18,판매중,N,정보 없음
콘서트,세븐틴,세븐틴 2025 - 인천,03.21  18:30,F5,2,플로어석 (Floor),R,5760000,02.22  14:29,판매중,N,판매자가 입장 도움
콘서트,세븐틴,세븐틴 2025 - 인천,03.21  18:30,F5,1,플로어석 (Floor),R,5990000,02.21  21:21,판매중,N,판매자가 입장 도움
콘서트,세븐틴,세븐틴 2025 - 인천,03.21  18:30,F5,1,플로어석 (Floor),R,5990000,02.21  21:10,판매중,N,정보 없음
콘서트,세븐틴,세븐틴 2025 - 인천,03.21  18:30,F4,1,플로어석 (Floor),R,6000000,02.24  21:21,판매중,N,정보 없음
콘서트,세븐틴,세븐틴 2025 - 인천,03.20  18:30,F4,2,플로어석 (Floor),R,6000000,02.22  07:06,판매중,N,정보 없음
콘서트,세븐틴,세븐틴 2025 - 인천,03.20  18:30,F4,5~8,플로어석 (Floor),R,6000000,02.22  03:49,판매중,N,여성명의
콘서트,세븐틴,세븐틴 2025 - 인천,03.21  18:30,F13,2,플로어석 (Floor),R,6000000,02.21  22:02,판매중,N,정보 없음
콘서트,세븐틴,세븐틴 2025 - 인천,03.20  18:30,F5,1,플로어석 (Floor),R,6000000,02.21  22:00,판매중,N,정보 없음
콘서트,세븐틴,세븐틴 2025 - 인천,03.20  18:30,F5,2,플로어석 (Floor),R,6000000,02.21  21:47,판매중,N,정보 없음
콘서트,세븐틴,세븐틴 2025 - 인천,03.21  18:30,F4,17~19열 통로1,플로어석 (Floor),R,6000000,02.21  21:46,판매중,N,정보 없음
콘서트,세븐틴,세븐틴 2025 - 인천,03.20  18:30,F12,1,플로어석 (Floor),R,6000000,02.21  21:08,판매중,N,판매자가 입장 도움
콘서트,세븐틴,세븐틴 2025 - 인천,03.20  18:30,F5,1,플로어석 (Floor),R,6400000,03.06  02:51,판매중,N,정보 없음
콘서트,세븐틴,세븐틴 2025 - 인천,03.21  18:30,F4,2,플로어석 (Floor),R,6500000,02.22  12:47,판매중,N,정보 없음
콘서트,세븐틴,세븐틴 2025 - 인천,03.20  18:30,F4,1,플로어석 (Floor),R,6500000,02.21  20:29,판매중,N,정보 없음
콘서트,세븐틴,세븐틴 2025 - 인천,03.21  18:30,F5,2,플로어석 (Floor),R,7000000,02.23  14:31,판매중,N,판매자가 입장 도움
콘서트,세븐틴,세븐틴 2025 - 인천,03.21  18:30,F4,5,플로어석 (Floor),R,8000000,02.22  21:14,판매중,N,판매자가 입장 도움
콘서트,세븐틴,세븐틴 2025 - 인천,03.21  18:30,F4,1~3,플로어석 (Floor),R,8000000,02.21  20:16,판매중,Y,판매자가 입장 도움
콘서트,세븐틴,세븐틴 2025 - 인천,03.20  18:30,F4,1,플로어석 (Floor),R,9000000,02.21  20:12,판매중,N,정보 없음
콘서트,세븐틴,세븐틴 2025 - 인천,03.21  18:30,F4,1,플로어석 (Floor),R,10000000,02.21  20:00,판매중,N,판매자가 입장 도움
